Date,Close,High,Low,Open,Volume
2010-01-04,3243.76,3295.28,3243.32,3289.75,109400
2010-01-05,3282.18,3290.51,3221.46,3254.47,126200
2010-01-06,3254.22,3295.87,3253.04,3277.52,123600
2010-01-07,3192.78,3268.82,3176.71,3253.99,128600
2010-01-08,3196.0,3198.92,3149.02,3177.26,98400
2010-01-11,3212.75,3306.75,3197.33,3301.61,136400
2010-01-12,3273.97,3275.2,3180.08,3205.71,140600
2010-01-13,3172.66,3232.82,3165.49,3204.98,158400
2010-01-14,3215.55,3219.02,3165.59,3183.38,136000
2010-01-15,3224.15,3241.81,3197.22,3217.19,120600
2010-01-18,3237.1,3238.24,3202.21,3213.64,135000
2010-01-19,3246.87,3268.81,3236.84,3242.22,130000
2010-01-20,3151.85,3255.13,3148.33,3252.04,158200
2010-01-21,3158.86,3176.15,3126.9,3154.19,114400
2010-01-22,3128.59,3147.83,3062.63,3118.72,137800
2010-01-25,3094.41,3137.0,3092.93,3103.32,78400
2010-01-26,3019.39,3107.2,3001.96,3094.85,93600
2010-01-27,2986.61,3028.65,2972.63,3020.54,76600
2010-01-28,2994.14,3006.04,2963.89,2985.21,73400
2010-01-29,2989.29,3024.85,2968.45,2979.74,80400
2010-02-01,2941.36,2981.37,2912.89,2981.37,88200
2010-02-02,2934.71,2990.75,2930.56,2955.75,82400
2010-02-03,3003.83,3005.13,2890.02,2945.03,101000
2010-02-04,2995.31,3015.13,2968.68,2983.05,100000
2010-02-05,2939.4,2959.23,2918.91,2936.2,97200
2010-02-08,2935.17,2954.27,2922.19,2936.45,63400
2010-02-09,2948.84,2957.47,2929.21,2932.09,62200
2010-02-10,2982.5,2983.18,2958.22,2967.14,55600
2010-02-11,2985.5,3001.64,2976.08,2985.08,56600
2010-02-12,3018.13,3018.86,2993.44,2996.09,56000
2010-02-22,3003.4,3026.66,3002.81,3016.7,68600
2010-02-23,2982.57,2998.91,2938.75,2998.91,80400
2010-02-24,3022.18,3023.74,2955.07,2964.98,93000
2010-02-25,3060.62,3063.0,3022.37,3026.66,119600
2010-02-26,3051.94,3067.52,3041.69,3053.5,101200
2010-03-01,3087.84,3093.09,3054.55,3057.01,111000
2010-03-02,3073.11,3095.99,3060.96,3089.71,105400
2010-03-03,3097.0,3098.46,3061.47,3074.1,117200
2010-03-04,3023.37,3102.4,3016.22,3098.07,126400
2010-03-05,3031.06,3044.17,3011.09,3026.64,92200
2010-03-08,3053.23,3058.83,3030.91,3036.42,81000
2010-03-09,3069.14,3084.85,3028.69,3053.26,92400
2010-03-10,3048.93,3085.99,3034.74,3067.15,84600
2010-03-11,3051.28,3070.94,3025.31,3050.64,79800
2010-03-12,3013.41,3057.52,3011.97,3051.47,71400
2010-03-15,2976.94,3013.52,2963.49,3010.72,63800
2010-03-16,2992.84,2993.84,2963.44,2974.49,59600
2010-03-17,3050.48,3050.76,2994.89,2999.81,87000
2010-03-18,3046.09,3063.59,3035.02,3053.16,91400
2010-03-19,3067.75,3069.66,3031.02,3046.75,88400
2010-03-22,3074.58,3083.34,3061.76,3069.66,96400
2010-03-23,3053.12,3082.97,3051.21,3076.96,92800
2010-03-24,3056.81,3076.75,3052.21,3058.93,89200
2010-03-25,3019.18,3051.35,3012.31,3051.35,90200
2010-03-26,3059.72,3067.71,3009.91,3017.22,93000
2010-03-29,3123.8,3130.28,3071.69,3076.05,131800
2010-03-30,3128.47,3132.58,3113.77,3123.83,102400
2010-03-31,3109.1,3130.11,3101.76,3129.57,101200
2010-04-01,3147.42,3148.34,3111.94,3111.94,126800
2010-04-02,3157.96,3159.6,3141.87,3154.77,122800
2010-04-06,3158.68,3177.97,3141.93,3170.61,116800
2010-04-07,3148.22,3161.08,3132.24,3156.31,103600
2010-04-08,3118.71,3143.83,3110.26,3143.45,114600
2010-04-09,3145.35,3146.46,3114.79,3118.93,105400
2010-04-12,3129.26,3156.21,3111.9,3151.89,138000
2010-04-13,3161.25,3173.63,3101.48,3129.69,144000
2010-04-14,3166.18,3167.66,3145.55,3161.55,106400
2010-04-15,3164.97,3181.66,3135.99,3168.14,106200
2010-04-16,3130.3,3159.67,3121.36,3159.67,81000
2010-04-19,2980.3,3096.78,2977.77,3096.78,129400
2010-04-20,2979.53,2998.91,2941.35,2980.08,101800
2010-04-21,3033.28,3034.33,2972.1,2984.62,116400
2010-04-22,2999.48,3023.64,2978.46,3021.29,121800
2010-04-23,2983.54,3015.63,2966.78,2995.57,103600
2010-04-26,2969.5,2996.83,2965.83,2988.08,89200
2010-04-27,2907.93,2962.15,2866.34,2962.15,108200
2010-04-28,2900.33,2916.68,2865.47,2883.17,83800
2010-04-29,2868.43,2928.93,2867.94,2912.2,89400
2010-04-30,2870.61,2875.81,2820.95,2867.65,88800
2010-05-04,2835.28,2862.55,2809.13,2821.35,66000
2010-05-05,2857.15,2857.29,2770.33,2804.51,95400
2010-05-06,2739.7,2838.95,2735.0,2838.95,92600
2010-05-07,2688.38,2732.18,2665.81,2685.99,92000
2010-05-10,2698.76,2713.06,2646.59,2690.86,81800
2010-05-11,2647.57,2751.07,2638.53,2745.6,87800
2010-05-12,2655.71,2668.12,2604.2,2628.02,82600
2010-05-13,2710.51,2711.07,2646.9,2653.58,83000
2010-05-14,2696.63,2712.86,2677.19,2692.1,73400
2010-05-17,2559.93,2663.88,2557.24,2663.88,82600
2010-05-18,2594.78,2603.32,2529.62,2555.14,82800
2010-05-19,2587.81,2623.96,2554.98,2581.63,71400
2010-05-20,2555.94,2609.64,2551.45,2571.54,66400
2010-05-21,2583.52,2584.45,2481.97,2492.57,83800
2010-05-24,2673.42,2680.49,2596.32,2596.32,112400
2010-05-25,2622.63,2659.74,2609.09,2654.36,93200
2010-05-26,2625.79,2644.94,2610.51,2620.85,68800
2010-05-27,2655.92,2662.08,2583.55,2615.1,87800
2010-05-28,2655.77,2686.54,2641.41,2680.4,87000
2010-05-31,2592.15,2665.39,2591.53,2647.87,78800
2010-06-01,2568.28,2598.9,2534.27,2577.76,74600
2010-06-02,2571.42,2572.34,2521.06,2548.54,64800
2010-06-03,2552.66,2596.14,2551.53,2575.77,69600
2010-06-04,2553.59,2556.97,2527.87,2536.23,56600
2010-06-07,2511.73,2527.1,2491.66,2508.33,65600
2010-06-08,2513.95,2531.88,2491.65,2510.08,63000
2010-06-09,2583.87,2589.47,2501.12,2523.88,96000
2010-06-10,2562.58,2581.05,2554.79,2561.55,74600
2010-06-11,2569.94,2590.98,2566.62,2574.9,66600
2010-06-17,2560.25,2595.51,2559.72,2588.97,55000
2010-06-18,2513.22,2568.86,2505.33,2556.6,67200
2010-06-21,2586.21,2587.34,2504.31,2517.29,78600
2010-06-22,2588.7,2598.35,2572.96,2579.63,63600
2010-06-23,2569.87,2593.67,2546.52,2576.34,58800
2010-06-24,2566.75,2586.9,2554.34,2563.64,48800
2010-06-25,2552.82,2572.83,2534.27,2556.54,50000
2010-06-28,2535.28,2561.49,2528.39,2550.65,43200
2010-06-29,2427.05,2541.14,2425.93,2534.5,73800
2010-06-30,2398.37,2411.44,2382.36,2409.54,55200
2010-07-01,2373.79,2410.77,2371.78,2393.95,50000
2010-07-02,2382.9,2386.4,2319.74,2371.32,68400
2010-07-05,2363.95,2378.09,2335.57,2358.76,48000
2010-07-06,2409.42,2409.78,2356.55,2358.28,61400
2010-07-07,2421.12,2421.68,2392.57,2407.67,56200
2010-07-08,2415.15,2436.28,2402.0,2429.68,54400
2010-07-09,2470.92,2485.6,2398.68,2416.58,85800
2010-07-12,2490.72,2501.02,2455.81,2468.54,83000
2010-07-13,2450.28,2468.69,2439.24,2468.69,66400
2010-07-14,2470.44,2494.59,2456.1,2456.1,73000
2010-07-15,2424.3,2487.24,2423.65,2465.99,105600
2010-07-16,2424.27,2428.46,2389.07,2414.68,70800
2010-07-19,2475.42,2484.19,2392.27,2399.58,88800
2010-07-20,2528.73,2530.33,2477.46,2477.75,118600
2010-07-21,2535.39,2553.45,2520.15,2529.62,114200
2010-07-22,2562.41,2563.24,2522.2,2525.98,106000
2010-07-23,2572.03,2579.52,2549.24,2566.85,114400
2010-07-26,2588.68,2589.48,2556.47,2576.37,93400
2010-07-27,2575.37,2588.0,2565.64,2581.59,86600
2010-07-28,2633.66,2636.0,2564.16,2574.32,129000
2010-07-29,2648.12,2656.41,2623.94,2635.05,139200
2010-07-30,2637.5,2643.03,2614.73,2642.85,94800
2010-08-02,2672.52,2675.76,2633.65,2635.81,113000
2010-08-03,2627.0,2681.78,2626.72,2678.79,128000
2010-08-04,2638.52,2638.9,2589.99,2620.5,112200
2010-08-05,2620.76,2640.59,2606.62,2636.24,113600
2010-08-06,2658.39,2659.41,2598.91,2618.71,121000
2010-08-09,2672.53,2676.09,2650.4,2656.36,120000
2010-08-10,2595.27,2675.31,2594.34,2672.79,127000
2010-08-11,2607.5,2618.45,2586.02,2587.61,87000
2010-08-12,2575.48,2608.76,2570.96,2584.92,92600
2010-08-13,2606.7,2607.03,2564.84,2576.69,88800
2010-08-16,2661.71,2665.31,2596.77,2603.79,125800
2010-08-17,2671.89,2677.57,2654.01,2663.18,122600
2010-08-18,2666.3,2687.76,2654.41,2674.5,136200
2010-08-19,2687.98,2701.93,2659.3,2669.43,128400
2010-08-20,2642.31,2683.29,2636.91,2677.02,116200
2010-08-23,2639.37,2656.12,2629.71,2637.82,88200
2010-08-24,2650.31,2667.17,2614.56,2636.53,107200
2010-08-25,2596.58,2645.5,2595.73,2634.95,109600
2010-08-26,2603.48,2616.96,2590.61,2604.88,80400
2010-08-27,2610.74,2613.49,2588.64,2602.5,70400
2010-08-30,2652.66,2656.35,2620.19,2622.27,110400
2010-08-31,2638.8,2647.25,2626.79,2644.79,110800
2010-09-01,2622.88,2662.88,2604.49,2641.05,127200
2010-09-02,2655.78,2659.98,2636.42,2646.89,124000
2010-09-03,2655.39,2660.54,2631.85,2658.13,129400
2010-09-06,2696.25,2698.6,2664.24,2667.2,144200
2010-09-07,2698.36,2704.93,2679.02,2698.22,112200
2010-09-08,2695.29,2695.84,2674.32,2687.71,113600
2010-09-09,2656.35,2698.64,2651.6,2698.64,133000
2010-09-10,2663.21,2667.84,2628.83,2657.24,113000
2010-09-13,2688.32,2696.67,2660.61,2665.66,118000
2010-09-14,2688.52,2703.78,2678.97,2694.07,120800
2010-09-15,2652.5,2688.49,2645.86,2688.39,122000
2010-09-16,2602.47,2653.27,2583.34,2646.92,119000
2010-09-17,2598.69,2615.08,2592.53,2607.55,83200
2010-09-20,2588.71,2607.35,2573.63,2601.48,79400
2010-09-21,2591.55,2601.1,2580.18,2593.76,58200
2010-09-27,2627.97,2629.04,2597.14,2600.54,76800
2010-09-28,2611.35,2625.33,2607.02,2625.33,93200
2010-09-29,2610.68,2634.12,2603.93,2608.92,88600
2010-09-30,2655.66,2656.0,2597.6,2599.72,89600
2010-10-08,2738.74,2747.8,2677.99,2681.25,135800
2010-10-11,2806.94,2823.6,2755.03,2755.03,207600
2010-10-12,2841.41,2843.43,2782.34,2795.76,167400
2010-10-13,2861.36,2862.03,2826.22,2842.14,185200
2010-10-14,2879.64,2919.41,2864.52,2881.55,229400
2010-10-15,2971.16,2971.16,2858.22,2863.74,236600
2010-10-18,2955.23,3026.1,2944.72,2985.46,263400
2010-10-19,3001.85,3002.37,2931.91,2949.63,170600
2010-10-20,3003.95,3041.15,2942.5,2947.51,207800
2010-10-21,2983.53,3018.24,2958.55,3009.23,161400
2010-10-22,2975.04,2997.62,2954.62,2976.75,147000
2010-10-25,3051.42,3051.54,2959.3,2979.71,192200
2010-10-26,3041.54,3073.38,3017.82,3065.84,198800
2010-10-27,2997.05,3056.4,2988.87,3031.65,176200
2010-10-28,2992.58,3007.01,2969.3,2989.29,143600
2010-10-29,2978.83,2996.77,2955.48,2993.3,147200
2010-11-01,3054.02,3054.05,2986.89,2986.89,186200
2010-11-02,3045.43,3089.57,3029.32,3061.63,225000
2010-11-03,3030.99,3069.07,3017.1,3044.02,189800
2010-11-04,3086.94,3087.42,3035.37,3035.37,176800
2010-11-05,3129.5,3142.59,3105.92,3129.87,212000
2010-11-08,3159.51,3160.7,3124.09,3140.4,205400
2010-11-09,3135.0,3159.02,3110.34,3159.02,192400
2010-11-10,3115.36,3124.26,3093.88,3120.44,185000
2010-11-11,3147.74,3186.72,3102.77,3108.51,210200
2010-11-12,2985.44,3150.15,2975.16,3121.92,233000
2010-11-15,3014.41,3016.13,2939.68,2984.87,153200
2010-11-16,2894.54,3007.64,2885.75,3007.64,171000
2010-11-17,2838.86,2891.05,2824.12,2852.48,123800
2010-11-18,2865.45,2873.7,2827.18,2855.6,102200
2010-11-19,2888.57,2888.75,2806.64,2879.66,123800
2010-11-22,2884.37,2904.97,2852.77,2861.61,127200
2010-11-23,2828.28,2872.17,2791.58,2872.17,116400
2010-11-24,2859.94,2861.49,2794.86,2794.86,116200
2010-11-25,2898.26,2901.68,2856.96,2875.86,131600
2010-11-26,2871.7,2894.42,2851.96,2890.29,110800
2010-11-29,2866.36,2878.83,2841.79,2861.15,102400
2010-11-30,2820.18,2881.16,2758.92,2863.41,139400
2010-12-01,2823.45,2834.2,2795.81,2810.54,81200
2010-12-02,2843.61,2870.81,2841.47,2860.46,104200
2010-12-03,2842.43,2853.4,2822.74,2846.73,83600
2010-12-06,2857.18,2871.41,2831.7,2850.38,89800
2010-12-07,2875.86,2884.53,2809.11,2843.77,86800
2010-12-08,2848.55,2880.56,2843.94,2868.73,86800
2010-12-09,2810.95,2854.7,2808.51,2837.61,94600
2010-12-10,2841.04,2850.42,2792.52,2798.74,80400
2010-12-13,2922.95,2923.77,2847.66,2850.32,128800
2010-12-14,2927.08,2933.41,2912.42,2928.3,121000
2010-12-15,2911.41,2939.05,2905.65,2927.26,109400
2010-12-16,2898.14,2921.27,2891.86,2908.86,87600
2010-12-17,2893.74,2898.81,2881.0,2896.77,73600
2010-12-21,2904.11,2908.17,2846.63,2857.59,106800
2010-12-22,2877.9,2917.2,2867.05,2910.73,98400
2010-12-23,2855.22,2893.71,2849.84,2874.2,89000
2010-12-24,2835.16,2853.49,2813.5,2841.34,81200
2010-12-27,2781.4,2876.81,2774.54,2842.81,97800
2010-12-28,2732.99,2775.15,2730.41,2768.03,84400
2010-12-29,2751.53,2753.02,2721.48,2735.48,64000
2010-12-30,2759.57,2768.13,2724.54,2751.97,73200
2010-12-31,2808.08,2808.93,2758.13,2759.16,83400
2011-01-04,2852.65,2855.4,2810.11,2825.33,110000
2011-01-05,2839.22,2850.49,2824.3,2833.12,104400
2011-01-06,2824.2,2853.88,2816.95,2838.44,84800
2011-01-07,2838.8,2868.0,2807.87,2820.67,113200
2011-01-10,2791.81,2847.36,2786.86,2832.62,90800
2011-01-11,2804.05,2810.76,2770.34,2783.48,80600
2011-01-12,2821.3,2828.47,2788.13,2811.78,79200
2011-01-13,2827.71,2837.53,2810.87,2830.53,74800
2011-01-14,2791.34,2817.05,2780.44,2817.05,76800
2011-01-17,2706.66,2780.94,2698.78,2772.45,92600
2011-01-18,2708.98,2715.41,2683.37,2696.15,60400
2011-01-19,2758.1,2759.6,2700.81,2707.82,78400
2011-01-20,2677.65,2752.8,2676.13,2752.8,86000
2011-01-21,2715.29,2746.18,2667.29,2668.68,95600
2011-01-24,2695.72,2736.11,2690.65,2716.52,88000
2011-01-25,2677.43,2701.04,2661.45,2691.69,69400
2011-01-26,2708.81,2710.74,2676.77,2677.17,60800
2011-01-27,2749.15,2753.0,2677.21,2690.82,105600
2011-01-28,2752.75,2759.44,2733.29,2741.31,85400
2011-01-31,2790.69,2790.92,2748.54,2751.53,91600
2011-02-01,2798.96,2805.05,2785.3,2795.07,73400
2011-02-09,2774.06,2804.21,2764.87,2778.7,87200
2011-02-10,2818.16,2819.06,2760.18,2769.65,98000
2011-02-11,2827.33,2835.41,2807.6,2815.12,107800
2011-02-14,2899.13,2906.26,2828.57,2828.57,154200
2011-02-15,2899.24,2934.47,2892.64,2900.43,152400
2011-02-16,2923.9,2924.19,2882.55,2893.68,127800
2011-02-17,2926.96,2939.28,2905.03,2929.25,130400
2011-02-18,2899.79,2924.23,2890.26,2924.23,113800
2011-02-21,2932.25,2932.82,2884.19,2886.54,118800
2011-02-22,2855.52,2944.41,2851.62,2941.32,153000
2011-02-23,2862.64,2868.48,2839.2,2844.99,111000
2011-02-24,2878.6,2881.54,2854.56,2861.39,109800
2011-02-25,2878.56,2890.32,2848.65,2876.78,100000
2011-02-28,2905.05,2906.17,2861.82,2880.17,118800
2011-03-01,2918.92,2931.58,2901.55,2906.28,136600
2011-03-02,2913.81,2924.96,2883.57,2905.51,133400
2011-03-03,2902.98,2937.56,2900.76,2918.73,150400
2011-03-04,2942.31,2944.46,2898.08,2902.19,118200
2011-03-07,2996.21,3000.43,2952.72,2952.72,160200
2011-03-08,2999.94,3001.62,2976.6,2996.73,126600
2011-03-09,3002.15,3012.04,2989.34,3002.55,124800
2011-03-10,2957.14,2995.77,2954.37,2995.77,123800
2011-03-11,2933.8,2966.98,2927.68,2942.42,116000
2011-03-14,2937.63,2939.65,2914.46,2923.98,117000
2011-03-15,2896.26,2927.98,2850.95,2927.98,155000
2011-03-16,2930.8,2934.02,2894.25,2894.25,130800
2011-03-17,2897.3,2935.62,2885.65,2906.96,137800
2011-03-18,2906.89,2930.61,2900.87,2920.81,100600
2011-03-21,2909.14,2927.07,2895.15,2913.91,96800
2011-03-22,2919.14,2923.39,2884.75,2917.69,95200
2011-03-23,2948.48,2950.42,2911.63,2919.02,112600
2011-03-24,2946.71,2958.66,2942.13,2949.85,109000
2011-03-25,2977.81,2985.08,2946.7,2948.54,136400
2011-03-28,2984.0,3005.78,2979.2,2985.36,156000
2011-03-29,2958.08,2994.17,2953.54,2979.86,168600
2011-03-30,2955.77,2968.18,2935.75,2955.45,126400
2011-03-31,2928.11,2961.63,2914.38,2954.65,109000
2011-04-01,2967.41,2967.85,2924.39,2932.48,99800
2011-04-06,3001.36,3005.24,2963.9,2964.21,141600
2011-04-07,3007.91,3012.29,2990.31,3003.2,124800
2011-04-08,3030.02,3031.1,2998.34,3005.37,114400
2011-04-11,3022.75,3059.57,3019.89,3037.91,147200
2011-04-12,3021.37,3039.12,3003.45,3012.79,146000
2011-04-13,3050.4,3050.4,2994.47,3006.83,128200
2011-04-14,3042.64,3058.24,3036.73,3049.67,129400
2011-04-15,3050.53,3062.53,3020.16,3036.34,128600
2011-04-18,3057.33,3067.46,3037.19,3040.53,137400
2011-04-19,2999.04,3038.81,2996.22,3038.81,141800
2011-04-20,3007.04,3019.12,2992.67,3005.98,119800
2011-04-21,3026.67,3035.47,3012.54,3021.77,121600
2011-04-22,3010.52,3032.97,3004.47,3025.7,118600
2011-04-25,2964.95,3003.61,2964.64,3003.03,117400
2011-04-26,2938.98,2970.28,2931.5,2956.95,95200
2011-04-27,2925.41,2961.13,2907.66,2946.33,105400
2011-04-28,2887.04,2953.19,2884.84,2937.95,105200
2011-04-29,2911.51,2913.56,2871.01,2886.63,87600
2011-05-03,2932.19,2933.46,2890.23,2911.51,96400
2011-05-04,2866.02,2916.97,2860.07,2916.84,111400
2011-05-05,2872.4,2880.12,2849.91,2854.77,91000
2011-05-06,2863.89,2881.71,2834.46,2842.76,91000
2011-05-09,2872.46,2885.18,2861.42,2868.24,81600
2011-05-10,2890.63,2891.03,2865.1,2876.98,81200
2011-05-11,2883.42,2897.14,2868.35,2890.35,92400
2011-05-12,2844.08,2876.45,2843.1,2864.98,100200
2011-05-13,2871.03,2871.99,2832.25,2846.31,93200
2011-05-16,2849.07,2877.09,2846.31,2864.38,84600
2011-05-17,2852.77,2869.23,2821.2,2846.45,94800
2011-05-18,2872.77,2877.43,2843.68,2846.73,76800
2011-05-19,2859.57,2884.14,2856.83,2879.39,77000
2011-05-20,2858.46,2866.76,2850.45,2858.31,70800
2011-05-23,2774.57,2853.29,2771.12,2853.29,98600
2011-05-24,2767.06,2771.75,2744.78,2766.06,74800
2011-05-25,2741.74,2771.18,2737.33,2764.56,74400
2011-05-26,2736.53,2764.89,2734.54,2755.39,78800
2011-05-27,2709.95,2746.84,2708.55,2739.39,82600
2011-05-30,2706.36,2728.06,2689.21,2704.49,65200
2011-05-31,2743.47,2744.93,2702.09,2707.56,68000
2011-06-01,2743.57,2744.56,2726.5,2737.06,68600
2011-06-02,2705.18,2728.0,2676.54,2715.32,86000
2011-06-03,2728.02,2732.43,2701.25,2701.77,68000
2011-06-07,2744.3,2745.77,2717.31,2720.97,65000
2011-06-08,2750.29,2754.12,2715.25,2742.04,74200
2011-06-09,2703.34,2747.33,2702.7,2743.54,83400
2011-06-10,2705.14,2707.74,2672.32,2696.13,73400
2011-06-13,2700.38,2703.42,2669.4,2687.65,63000
2011-06-14,2730.04,2735.55,2691.67,2696.22,83000
2011-06-15,2705.43,2730.48,2705.07,2717.68,74800
2011-06-16,2664.28,2691.94,2663.12,2685.63,71000
2011-06-17,2642.82,2675.03,2641.39,2661.41,64400
2011-06-20,2621.25,2637.88,2610.99,2635.83,60000
2011-06-21,2646.48,2648.02,2618.81,2628.02,64800
2011-06-22,2649.32,2657.73,2633.47,2648.53,58400
2011-06-23,2688.25,2693.42,2630.34,2640.66,73800
2011-06-24,2746.21,2759.71,2674.3,2678.05,125800
2011-06-27,2758.23,2769.04,2743.5,2746.79,101600
2011-06-28,2759.2,2763.28,2736.4,2759.71,88200
2011-06-29,2728.48,2759.23,2727.25,2757.4,88200
2011-06-30,2762.08,2774.36,2729.99,2729.99,91000
2011-07-01,2759.36,2778.67,2752.97,2767.83,92000
2011-07-04,2812.82,2813.27,2770.94,2770.94,122000
2011-07-05,2816.35,2818.14,2799.11,2812.72,110200
2011-07-06,2810.48,2811.81,2780.73,2811.81,103200
2011-07-07,2794.27,2825.12,2793.89,2813.19,116600
2011-07-08,2797.77,2807.38,2784.12,2797.03,86200
2011-07-11,2802.69,2807.32,2780.67,2789.45,86000
2011-07-12,2754.58,2783.72,2752.19,2783.72,96600
2011-07-13,2795.48,2797.27,2756.03,2756.03,92000
2011-07-14,2810.44,2811.7,2788.98,2798.21,104600
2011-07-15,2820.17,2821.34,2794.16,2803.58,107400
2011-07-18,2816.69,2826.96,2807.11,2821.36,108200
2011-07-19,2796.98,2809.31,2790.69,2804.92,92800
2011-07-20,2794.21,2817.28,2779.38,2810.44,84000
2011-07-21,2765.89,2799.85,2763.42,2795.9,81800
2011-07-22,2770.79,2782.17,2763.8,2769.86,70200
2011-07-25,2688.75,2759.63,2680.75,2759.63,111200
2011-07-26,2703.03,2704.94,2677.12,2685.75,72800
2011-07-27,2723.49,2726.8,2680.43,2690.14,80400
2011-07-28,2708.78,2712.09,2684.66,2701.77,78400
2011-07-29,2701.73,2721.53,2681.27,2706.5,75400
2011-08-01,2703.78,2712.89,2688.53,2697.57,59000
2011-08-02,2679.26,2689.97,2651.28,2689.97,70000
2011-08-03,2678.49,2688.06,2654.36,2659.12,64000
2011-08-04,2684.04,2698.81,2675.53,2683.19,58800
2011-08-05,2626.42,2644.58,2605.14,2620.28,78600
2011-08-08,2526.82,2614.19,2497.92,2599.29,110400
2011-08-09,2526.07,2537.41,2437.68,2468.03,103800
2011-08-10,2549.18,2579.16,2544.95,2562.39,100400
2011-08-11,2581.51,2582.16,2505.01,2508.86,95600
2011-08-12,2593.17,2605.45,2585.85,2593.4,97200
2011-08-15,2626.77,2627.1,2584.41,2598.14,88600
2011-08-16,2608.17,2636.36,2601.5,2627.85,85200
2011-08-17,2601.26,2617.17,2596.04,2603.96,70200
2011-08-18,2559.47,2603.49,2556.86,2601.99,71000
2011-08-19,2534.36,2538.27,2513.75,2519.65,70600
2011-08-22,2515.86,2553.42,2507.78,2534.57,61200
2011-08-23,2554.02,2554.18,2514.95,2524.88,61000
2011-08-24,2541.09,2569.28,2536.26,2562.41,65400
2011-08-25,2615.26,2616.3,2545.05,2546.4,104600
2011-08-26,2612.19,2616.64,2593.24,2602.21,77800
2011-08-29,2576.41,2595.47,2570.84,2595.47,73600
2011-08-30,2566.59,2615.14,2563.69,2592.6,76000
2011-08-31,2567.34,2574.42,2545.1,2566.53,59200
2011-09-01,2556.04,2584.8,2547.85,2569.8,57200
2011-09-02,2528.28,2557.31,2517.62,2551.56,54400
2011-09-05,2478.74,2510.1,2478.2,2510.1,55000
2011-09-06,2470.52,2482.24,2459.54,2465.56,49200
2011-09-07,2516.09,2516.75,2475.22,2480.94,59600
2011-09-08,2498.94,2524.38,2498.11,2523.96,55200
2011-09-09,2497.75,2528.42,2487.15,2506.97,51200
2011-09-13,2471.3,2477.08,2453.8,2467.73,50000
2011-09-14,2484.83,2485.93,2439.37,2478.59,54000
2011-09-15,2479.05,2496.57,2477.65,2482.86,56000
2011-09-16,2482.34,2499.48,2475.76,2490.18,48000
2011-09-19,2437.79,2469.6,2437.17,2469.6,48800
2011-09-20,2447.75,2460.03,2426.7,2433.72,46200
2011-09-21,2512.96,2517.67,2438.85,2450.11,86600
2011-09-22,2443.06,2499.98,2442.46,2491.21,74600
2011-09-23,2433.16,2440.75,2400.14,2411.83,67400
2011-09-26,2393.18,2441.73,2384.64,2416.23,57400
2011-09-27,2415.05,2423.91,2395.16,2410.99,55200
2011-09-28,2392.06,2430.27,2383.4,2427.29,55800
2011-09-29,2365.34,2387.54,2358.57,2378.42,59200
2011-09-30,2359.22,2377.54,2348.22,2368.4,48800
2011-10-10,2344.79,2368.15,2338.69,2363.08,41800
2011-10-11,2348.52,2412.38,2323.41,2401.74,64000
2011-10-12,2420.0,2421.69,2318.63,2335.49,91600
2011-10-13,2438.79,2439.64,2406.28,2412.83,87800
2011-10-14,2431.38,2437.59,2409.29,2429.89,60600
2011-10-17,2440.4,2452.99,2424.73,2434.49,58200
2011-10-18,2383.49,2425.65,2378.67,2423.28,79600
2011-10-19,2377.51,2401.69,2374.42,2387.83,58600
2011-10-20,2331.37,2368.64,2315.9,2365.91,65400
2011-10-21,2317.27,2340.31,2313.78,2330.51,48400
2011-10-24,2370.33,2371.09,2307.15,2322.02,70800
2011-10-25,2409.67,2414.05,2357.39,2366.4,90800
2011-10-26,2427.48,2448.98,2394.73,2398.19,107400
2011-10-27,2435.61,2449.7,2426.31,2432.47,82400
2011-10-28,2473.41,2483.76,2456.18,2462.08,110000
2011-10-31,2468.25,2478.31,2455.21,2470.25,84200
2011-11-01,2470.02,2491.35,2445.53,2450.33,88800
2011-11-02,2504.11,2505.12,2433.72,2437.87,105400
2011-11-03,2508.09,2535.24,2507.3,2510.84,136600
2011-11-04,2528.29,2536.78,2512.9,2525.24,101800
2011-11-07,2509.8,2536.18,2507.61,2518.9,78800
2011-11-08,2503.84,2524.82,2500.02,2514.26,78600
2011-11-09,2524.92,2527.7,2489.02,2512.59,78200
2011-11-10,2479.54,2507.45,2478.14,2498.59,87200
2011-11-11,2481.08,2496.53,2472.76,2483.96,66200
2011-11-14,2528.71,2529.63,2496.33,2498.67,81200
2011-11-15,2529.76,2534.06,2518.7,2525.95,79200
2011-11-16,2466.96,2529.46,2456.86,2529.07,93400
2011-11-17,2463.05,2482.53,2459.17,2467.7,66400
2011-11-18,2416.56,2448.51,2411.04,2448.39,72200
2011-11-21,2415.13,2419.24,2396.09,2416.73,50200
2011-11-22,2412.62,2414.85,2387.83,2400.98,51400
2011-11-23,2395.06,2418.56,2390.65,2415.2,50600
2011-11-24,2397.55,2409.72,2370.7,2379.15,52200
2011-11-25,2380.22,2403.94,2372.62,2393.33,45400
2011-11-28,2383.03,2396.83,2372.16,2383.89,46000
2011-11-29,2412.39,2413.33,2388.2,2398.99,55200
2011-11-30,2333.41,2407.33,2319.44,2406.33,76600
2011-12-01,2386.86,2423.56,2376.92,2392.49,98600
2011-12-02,2360.66,2378.3,2344.85,2374.9,59800
2011-12-05,2333.23,2363.13,2327.61,2363.11,52200
2011-12-06,2325.91,2331.89,2310.16,2326.66,46000
2011-12-07,2332.73,2339.85,2317.81,2325.56,41600
2011-12-08,2329.82,2346.65,2302.64,2329.91,51400
2011-12-09,2315.27,2331.26,2309.46,2315.51,40000
2011-12-12,2291.54,2315.81,2290.26,2312.15,39600
2011-12-13,2248.59,2285.81,2245.87,2283.22,58600
2011-12-14,2228.52,2256.74,2224.73,2241.39,44000
2011-12-15,2180.9,2216.91,2179.47,2215.79,56800
2011-12-16,2224.84,2225.54,2170.75,2179.51,57200
2011-12-19,2218.24,2221.45,2164.89,2208.07,57800
2011-12-20,2215.93,2239.86,2206.52,2209.7,52800
2011-12-21,2191.15,2237.47,2188.71,2230.18,50800
2011-12-22,2186.3,2201.59,2149.42,2178.57,59000
2011-12-23,2204.78,2219.79,2178.14,2183.91,52400
2011-12-26,2190.11,2213.45,2186.07,2193.66,43600
2011-12-27,2166.21,2196.97,2162.72,2186.71,45800
2011-12-28,2170.01,2170.67,2134.02,2157.65,49600
2011-12-29,2173.56,2181.96,2157.11,2161.18,44800
2011-12-30,2199.42,2200.99,2177.52,2177.52,52000
2012-01-04,2169.39,2217.52,2168.64,2212.0,49200
2012-01-05,2148.45,2183.4,2145.56,2160.9,58800
2012-01-06,2163.4,2164.32,2132.63,2148.15,50600
2012-01-09,2225.89,2226.22,2148.45,2164.74,76800
2012-01-10,2285.74,2288.63,2218.27,2221.83,109600
2012-01-11,2276.05,2290.64,2265.19,2282.91,84400
2012-01-12,2275.01,2295.22,2265.26,2268.74,71600
2012-01-13,2244.58,2281.53,2225.74,2277.08,71400
2012-01-16,2206.19,2241.26,2206.04,2230.43,45800
2012-01-17,2298.38,2298.38,2196.12,2206.53,87800
2012-01-18,2266.38,2311.58,2257.9,2298.83,90000
2012-01-19,2296.07,2305.71,2259.34,2266.08,72400
2012-01-20,2319.12,2322.89,2293.89,2300.5,70000
2012-01-30,2285.04,2324.49,2284.29,2324.49,58400
2012-01-31,2292.61,2296.39,2277.06,2285.95,48800
2012-02-01,2268.08,2305.86,2263.34,2288.07,53600
2012-02-02,2312.56,2312.56,2268.69,2273.85,63400
2012-02-03,2330.41,2336.27,2300.98,2306.66,79000
2012-02-06,2331.14,2341.57,2317.42,2334.25,75800
2012-02-07,2291.9,2319.71,2278.82,2319.42,67400
2012-02-08,2347.53,2350.97,2286.82,2291.81,87200
2012-02-09,2349.59,2363.61,2333.94,2344.22,98000
2012-02-10,2351.98,2368.98,2339.89,2342.01,96600
2012-02-13,2351.85,2365.34,2325.03,2332.05,86200
2012-02-14,2344.77,2352.47,2332.25,2348.88,73200
2012-02-15,2366.7,2374.28,2335.1,2340.46,98800
2012-02-16,2356.86,2373.8,2342.07,2363.9,95000
2012-02-17,2357.18,2372.51,2344.76,2366.63,72000
2012-02-20,2363.6,2388.01,2362.01,2383.69,89000
2012-02-21,2381.43,2382.15,2345.05,2365.49,79400
2012-02-22,2403.59,2404.44,2374.03,2380.5,118600
2012-02-23,2409.55,2416.8,2396.71,2401.74,112600
2012-02-24,2439.63,2439.98,2405.27,2410.88,135000
2012-02-27,2447.06,2478.38,2444.63,2447.41,158000
2012-02-28,2451.86,2458.65,2431.83,2440.91,118400
2012-02-29,2428.49,2453.07,2426.33,2446.23,95600
2012-03-01,2426.11,2437.87,2418.33,2418.79,75000
2012-03-02,2460.69,2461.12,2430.1,2430.1,103200
2012-03-05,2445.0,2469.84,2442.11,2464.85,112600
2012-03-06,2410.45,2442.0,2406.06,2439.78,103800
2012-03-07,2394.79,2413.7,2388.52,2391.2,94800
2012-03-08,2420.28,2426.7,2401.1,2401.1,96800
2012-03-09,2439.46,2440.51,2414.97,2425.89,100600
2012-03-12,2434.86,2440.86,2420.84,2438.55,106200
2012-03-13,2455.79,2457.22,2428.61,2432.84,104600
2012-03-14,2391.23,2476.22,2382.84,2464.92,179800
2012-03-15,2373.77,2403.74,2366.02,2388.06,120000
2012-03-16,2404.74,2406.15,2368.31,2377.76,103600
2012-03-19,2410.18,2412.34,2383.67,2401.22,102200
2012-03-20,2376.84,2407.54,2376.03,2407.54,98000
2012-03-21,2378.2,2396.72,2361.22,2384.71,95600
2012-03-22,2375.77,2386.1,2364.13,2376.99,79400
2012-03-23,2349.54,2371.26,2342.12,2369.08,76800
2012-03-26,2350.6,2358.0,2339.14,2349.09,55400
2012-03-27,2347.18,2363.77,2344.3,2358.54,60800
2012-03-28,2284.88,2341.42,2281.43,2341.0,83600
2012-03-29,2252.16,2280.96,2242.34,2276.74,74200
2012-03-30,2262.79,2266.21,2246.25,2256.04,62000
2012-04-05,2302.24,2303.82,2251.39,2258.03,80200
2012-04-06,2306.55,2309.64,2291.56,2299.05,72200
2012-04-09,2285.78,2304.65,2284.44,2300.05,59800
2012-04-10,2305.86,2306.39,2258.85,2281.02,67400
2012-04-11,2308.93,2319.05,2280.03,2286.72,75200
2012-04-12,2350.86,2351.05,2307.84,2310.48,97600
2012-04-13,2359.16,2369.7,2346.94,2351.51,98800
2012-04-16,2357.03,2364.11,2342.2,2346.31,85400
2012-04-17,2334.99,2363.01,2333.34,2355.37,84600
2012-04-18,2380.85,2383.64,2337.86,2341.14,108600
2012-04-19,2378.63,2386.98,2369.46,2378.63,94200
2012-04-20,2406.86,2407.29,2372.13,2374.66,115600
2012-04-23,2388.59,2411.51,2383.07,2403.52,123000
2012-04-24,2388.83,2415.75,2350.4,2380.24,133800
2012-04-25,2406.81,2411.42,2376.62,2382.21,131000
2012-04-26,2404.7,2414.75,2393.26,2408.56,115600
2012-04-27,2396.32,2408.42,2393.87,2402.43,91200
2012-05-02,2438.44,2446.35,2407.79,2421.08,128000
2012-05-03,2440.08,2441.95,2427.73,2433.59,102200
2012-05-04,2452.01,2453.73,2427.97,2437.47,102200
2012-05-07,2451.95,2451.95,2432.74,2441.76,108800
2012-05-08,2448.88,2451.6,2431.02,2451.57,104800
2012-05-09,2408.59,2432.47,2407.51,2432.47,98000
2012-05-10,2410.23,2419.12,2402.2,2409.95,81600
2012-05-11,2394.98,2415.98,2393.38,2406.07,74800
2012-05-14,2380.73,2411.27,2377.98,2408.26,90600
2012-05-15,2374.84,2376.59,2354.61,2367.08,78000
2012-05-16,2346.19,2372.03,2344.5,2369.29,76800
2012-05-17,2378.89,2383.31,2342.35,2347.18,86800
2012-05-18,2344.52,2369.6,2338.24,2364.9,89600
2012-05-21,2348.3,2360.39,2330.32,2343.57,74800
2012-05-22,2373.31,2374.06,2354.87,2355.73,76800
2012-05-23,2363.44,2378.08,2350.55,2369.26,84200
2012-05-24,2350.97,2373.06,2344.58,2359.68,79200
2012-05-25,2333.55,2355.81,2327.41,2350.54,74000
2012-05-28,2361.37,2361.74,2309.07,2325.32,95000
2012-05-29,2389.64,2393.28,2358.37,2361.0,117200
2012-05-30,2384.67,2391.69,2378.13,2385.39,89800
2012-05-31,2372.23,2382.99,2362.31,2370.01,77800
2012-06-01,2373.44,2388.09,2365.44,2373.22,77000
2012-06-04,2308.55,2348.2,2308.23,2346.98,90200
2012-06-05,2311.92,2323.3,2304.05,2313.74,66000
2012-06-06,2309.55,2323.11,2301.03,2315.56,58600
2012-06-07,2293.13,2328.67,2288.67,2324.67,60200
2012-06-08,2281.45,2306.88,2276.71,2306.22,68000
2012-06-11,2305.86,2311.77,2278.16,2282.89,64200
2012-06-12,2289.79,2298.95,2280.95,2295.07,60000
2012-06-13,2318.92,2319.71,2284.65,2289.71,78400
2012-06-14,2295.95,2314.58,2293.06,2306.78,71600
2012-06-15,2306.85,2314.24,2283.4,2299.78,68600
2012-06-18,2316.05,2325.05,2309.71,2313.53,60600
2012-06-19,2300.79,2313.46,2298.39,2313.46,60200
2012-06-20,2292.88,2304.46,2291.54,2300.41,54200
2012-06-21,2260.88,2288.45,2253.79,2288.45,59000
2012-06-25,2224.11,2253.51,2223.05,2253.51,59800
2012-06-26,2222.07,2229.24,2203.94,2214.65,53000
2012-06-27,2216.93,2233.54,2213.32,2219.94,51000
2012-06-28,2195.84,2224.16,2195.35,2220.24,54200
2012-06-29,2225.43,2226.49,2188.72,2190.57,61400
2012-07-02,2226.11,2234.87,2215.36,2234.32,62200
2012-07-03,2229.19,2244.83,2219.05,2225.57,62800
2012-07-04,2227.31,2239.27,2219.45,2233.33,55200
2012-07-05,2201.35,2218.22,2192.65,2218.22,58000
2012-07-06,2223.58,2227.47,2185.52,2203.73,76600
2012-07-09,2170.81,2216.7,2168.61,2210.71,75200
2012-07-10,2164.44,2178.2,2156.73,2166.95,59000
2012-07-11,2175.38,2176.49,2156.6,2160.02,58600
2012-07-12,2185.49,2197.04,2152.68,2172.06,82200
2012-07-13,2185.9,2198.66,2177.92,2180.17,57600
2012-07-16,2147.96,2188.06,2146.15,2187.89,67400
2012-07-17,2161.19,2165.33,2141.48,2142.43,55200
2012-07-18,2169.1,2170.3,2138.79,2159.86,66600
2012-07-19,2184.84,2197.79,2159.94,2164.27,79400
2012-07-20,2168.64,2185.73,2162.06,2180.01,64400
2012-07-23,2141.4,2154.17,2135.56,2154.17,55600
2012-07-24,2146.59,2158.95,2131.01,2132.32,54400
2012-07-25,2136.15,2151.45,2132.83,2141.04,48600
2012-07-26,2126.0,2147.66,2124.16,2134.99,52800
2012-07-27,2128.76,2139.15,2120.63,2132.01,52000
2012-07-30,2109.91,2137.74,2107.63,2128.16,52000
2012-07-31,2103.64,2116.9,2100.25,2109.32,53400
2012-08-01,2123.36,2130.71,2101.71,2101.72,53800
2012-08-02,2111.18,2126.46,2103.5,2120.15,53400
2012-08-03,2132.8,2133.27,2108.33,2113.96,53400
2012-08-06,2154.92,2158.68,2127.26,2129.15,71800
2012-08-07,2157.62,2159.68,2148.9,2153.09,75000
2012-08-08,2160.99,2168.73,2153.02,2158.98,72800
2012-08-09,2174.1,2175.54,2148.69,2159.43,72600
2012-08-10,2168.81,2176.79,2165.28,2172.96,68400
2012-08-13,2136.08,2164.04,2134.55,2164.04,71400
2012-08-14,2142.52,2144.01,2119.25,2137.05,67600
2012-08-15,2118.95,2139.14,2118.5,2138.28,54600
2012-08-16,2112.2,2122.68,2109.66,2116.08,45200
2012-08-17,2114.89,2120.71,2100.79,2111.65,44400
2012-08-20,2106.96,2110.78,2089.02,2102.23,46800
2012-08-21,2118.27,2124.2,2103.07,2106.38,60800
2012-08-22,2107.71,2121.15,2097.6,2118.88,58400
2012-08-23,2113.07,2118.74,2097.08,2106.96,58400
2012-08-24,2092.1,2109.82,2089.22,2108.36,60200
2012-08-27,2055.71,2085.37,2055.38,2085.37,60400
2012-08-28,2073.15,2083.96,2052.49,2054.97,54400
2012-08-29,2053.24,2073.95,2051.77,2066.82,52200
2012-08-30,2052.58,2060.19,2032.54,2044.03,62000
2012-08-31,2047.52,2059.3,2044.65,2046.29,46200
2012-09-03,2059.15,2066.78,2041.16,2044.82,60600
2012-09-04,2043.65,2063.82,2039.27,2060.61,57400
2012-09-05,2037.68,2048.32,2029.05,2038.87,57600
2012-09-06,2051.92,2052.95,2036.37,2040.67,56000
2012-09-07,2127.76,2145.0,2062.99,2062.99,140000
2012-09-10,2134.89,2140.17,2120.49,2128.06,103600
2012-09-11,2120.55,2127.52,2107.22,2127.52,80400
2012-09-12,2126.55,2137.89,2109.14,2129.69,84200
2012-09-13,2110.38,2130.08,2110.0,2123.84,79000
2012-09-14,2123.85,2136.23,2111.12,2127.39,91200
2012-09-17,2078.5,2121.58,2077.48,2120.62,76400
2012-09-18,2059.54,2074.76,2053.66,2069.34,53800
2012-09-19,2067.83,2069.95,2055.2,2061.06,52200
2012-09-20,2024.84,2060.31,2023.08,2060.31,67400
2012-09-21,2026.69,2041.95,2018.26,2020.55,60200
2012-09-24,2033.19,2040.85,2005.26,2015.77,57600
2012-09-25,2029.29,2039.1,2021.81,2028.63,48200
2012-09-26,2004.17,2033.04,1999.48,2027.85,50400
2012-09-27,2056.32,2068.07,2002.32,2003.1,76600
2012-09-28,2086.17,2089.63,2040.35,2042.89,79400
2012-10-08,2074.42,2096.26,2063.09,2084.85,55200
2012-10-09,2115.23,2119.34,2081.59,2081.59,84600
2012-10-10,2119.94,2121.99,2102.53,2111.59,79000
2012-10-11,2102.87,2117.84,2101.14,2114.23,74400
2012-10-12,2104.93,2127.31,2092.51,2109.07,68200
2012-10-15,2098.7,2107.2,2085.11,2105.02,54000
2012-10-16,2098.81,2111.78,2089.7,2097.05,57800
2012-10-17,2105.62,2113.16,2088.04,2104.28,59800
2012-10-18,2131.69,2137.69,2107.49,2108.5,87200
2012-10-19,2128.3,2136.87,2125.74,2129.82,67600
2012-10-22,2132.76,2138.03,2112.75,2118.52,60200
2012-10-23,2114.45,2136.22,2111.92,2132.11,72600
2012-10-24,2115.99,2124.0,2104.67,2106.83,72800
2012-10-25,2101.58,2128.74,2100.61,2114.76,85400
2012-10-26,2066.21,2102.16,2058.06,2100.1,78600
2012-10-29,2058.94,2068.24,2053.09,2061.85,53600
2012-10-30,2062.35,2075.91,2054.26,2059.2,60600
2012-10-31,2068.88,2070.48,2053.58,2061.12,59600
2012-11-01,2104.43,2109.5,2069.95,2070.02,82800
2012-11-02,2117.05,2119.22,2096.53,2105.45,76600
2012-11-05,2114.03,2123.33,2104.58,2113.33,71600
2012-11-06,2106.0,2114.79,2078.47,2113.66,71400
2012-11-07,2105.73,2112.63,2093.29,2102.42,59400
2012-11-08,2071.51,2092.56,2070.65,2091.25,66600
2012-11-09,2069.07,2077.23,2062.42,2066.5,54200
2012-11-12,2079.27,2079.57,2061.84,2069.21,56600
2012-11-13,2047.89,2078.13,2044.04,2078.13,61000
2012-11-14,2055.42,2056.49,2040.17,2047.26,48000
2012-11-15,2030.29,2053.56,2029.87,2045.46,50600
2012-11-16,2014.72,2028.69,2001.71,2026.56,49600
2012-11-19,2016.98,2018.38,1995.72,2013.25,45400
2012-11-20,2008.92,2023.61,2004.17,2020.43,42600
2012-11-21,2030.32,2031.15,1995.17,2008.21,53200
2012-11-22,2015.61,2023.08,2009.72,2021.21,45600
2012-11-23,2027.38,2034.88,2017.0,2020.02,51600
2012-11-26,2017.46,2027.27,2014.03,2023.34,44800
2012-11-27,1991.17,2014.21,1990.34,2012.07,56600
2012-11-28,1973.52,1984.86,1968.21,1984.48,50600
2012-11-29,1963.49,1980.56,1961.82,1972.93,49600
2012-11-30,1980.12,1983.42,1959.33,1961.81,56800
2012-12-03,1959.77,1988.19,1957.88,1977.25,61600
2012-12-04,1975.14,1980.12,1949.46,1956.62,62400
2012-12-05,2031.91,2040.6,1970.2,1973.11,120000
2012-12-06,2029.24,2036.61,2018.38,2029.56,81400
2012-12-07,2061.79,2065.74,2023.96,2028.77,115200
2012-12-10,2083.77,2087.01,2064.61,2067.32,115400
2012-12-11,2074.7,2088.64,2070.19,2077.56,93400
2012-12-12,2082.73,2085.93,2066.39,2073.27,78600
2012-12-13,2061.48,2081.36,2059.47,2077.42,72200
2012-12-14,2150.62,2152.5,2062.54,2062.69,160800
2012-12-17,2160.34,2169.57,2151.94,2152.1,144200
2012-12-18,2162.46,2183.71,2144.73,2155.86,126000
2012-12-19,2162.24,2175.4,2154.29,2158.67,94400
2012-12-20,2168.35,2174.82,2142.95,2156.19,99400
2012-12-21,2153.31,2190.4,2148.17,2169.57,103400
2012-12-24,2159.05,2170.39,2149.82,2150.65,78400
2012-12-25,2213.61,2220.26,2146.86,2154.32,143400
2012-12-26,2219.13,2220.48,2206.79,2211.59,121800
2012-12-27,2205.9,2234.72,2204.79,2223.66,129000
2012-12-28,2233.25,2234.87,2204.0,2207.91,116000
2012-12-31,2269.13,2269.51,2236.46,2236.46,128000
2013-01-04,2276.99,2296.11,2256.56,2289.51,139400
2013-01-07,2285.36,2293.32,2266.86,2271.66,118200
2013-01-08,2276.07,2289.14,2262.98,2284.65,123000
2013-01-09,2275.34,2283.9,2259.05,2271.3,122000
2013-01-10,2283.66,2295.48,2268.65,2274.38,120000
2013-01-11,2243.0,2290.21,2234.95,2285.19,125000
2013-01-14,2311.74,2317.62,2235.11,2236.29,144800
2013-01-15,2325.68,2332.78,2309.32,2312.47,165600
2013-01-16,2309.5,2326.76,2279.51,2322.16,153600
2013-01-17,2284.91,2305.6,2275.88,2305.14,119200
2013-01-18,2317.07,2324.51,2285.97,2295.81,125400
2013-01-21,2328.22,2329.58,2305.1,2321.49,134600
2013-01-22,2315.14,2335.81,2301.3,2326.49,149400
2013-01-23,2320.91,2325.12,2296.49,2308.52,118200
2013-01-24,2302.6,2362.94,2287.3,2320.26,161000
2013-01-25,2291.3,2308.38,2288.26,2300.0,92600
2013-01-28,2346.5,2346.92,2295.35,2295.35,128400
2013-01-29,2358.98,2363.8,2337.35,2347.22,141800
2013-01-30,2382.48,2383.76,2347.89,2360.75,149800
2013-01-31,2385.42,2391.82,2371.23,2383.43,139800
2013-02-01,2419.02,2421.15,2369.57,2377.41,140800
2013-02-04,2428.15,2440.38,2417.58,2425.92,167600
2013-02-05,2433.13,2437.42,2403.3,2411.0,150800
2013-02-06,2434.48,2441.73,2427.7,2432.68,116600
2013-02-07,2418.53,2433.89,2394.22,2430.69,120000
2013-02-08,2432.4,2443.03,2414.4,2416.62,109000
2013-02-18,2421.56,2444.8,2415.43,2441.91,116200
2013-02-19,2382.91,2427.07,2373.53,2420.26,123400
2013-02-20,2397.18,2397.94,2370.61,2383.49,110200
2013-02-21,2325.95,2378.82,2309.17,2378.82,144000
2013-02-22,2314.16,2330.88,2308.76,2322.94,97000
2013-02-25,2325.82,2338.78,2315.01,2320.62,88400
2013-02-26,2293.34,2340.71,2289.89,2313.74,117600
2013-02-27,2313.22,2324.63,2292.03,2297.77,97800
2013-02-28,2365.59,2366.16,2308.92,2322.32,127000
2013-03-01,2359.51,2369.65,2330.86,2364.54,120400
2013-03-04,2273.4,2333.54,2259.25,2332.08,161800
2013-03-05,2326.31,2328.14,2270.1,2274.81,131200
2013-03-06,2347.18,2351.44,2321.6,2333.61,141400
2013-03-07,2324.29,2352.02,2304.27,2340.44,139800
2013-03-08,2318.61,2333.67,2314.59,2326.42,98800
2013-03-11,2310.59,2320.96,2296.58,2314.68,84200
2013-03-12,2286.6,2333.29,2264.83,2309.16,117600
2013-03-13,2263.97,2286.33,2253.25,2282.17,91000
2013-03-14,2270.28,2276.22,2253.31,2255.77,80200
2013-03-15,2278.4,2312.08,2250.0,2269.31,116400
2013-03-18,2240.02,2276.05,2239.21,2267.29,93200
2013-03-19,2257.43,2261.31,2232.02,2244.26,87600
2013-03-20,2317.38,2317.86,2257.42,2257.74,131200
2013-03-21,2324.24,2330.81,2311.6,2318.21,119200
2013-03-22,2328.28,2332.0,2314.97,2321.4,101200
2013-03-25,2326.72,2344.89,2319.91,2334.74,97000
2013-03-26,2297.67,2319.99,2281.12,2318.58,104400
2013-03-27,2301.26,2323.48,2289.0,2299.38,96400
2013-03-28,2236.3,2273.55,2232.91,2273.55,127600
2013-03-29,2236.62,2246.87,2228.81,2238.49,85600
2013-04-01,2234.4,2243.95,2227.31,2229.46,77400
2013-04-02,2227.74,2253.42,2220.44,2234.9,89800
2013-04-03,2225.29,2241.34,2217.25,2232.69,81800
2013-04-08,2211.59,2212.59,2180.67,2196.24,86200
2013-04-09,2225.77,2234.73,2215.47,2215.47,82800
2013-04-10,2226.13,2233.04,2212.56,2224.93,80600
2013-04-11,2219.55,2242.48,2217.26,2236.98,73600
2013-04-12,2206.78,2226.26,2204.44,2218.09,66800
2013-04-15,2181.94,2204.99,2177.39,2199.91,71600
2013-04-16,2194.84,2196.43,2165.78,2169.63,80000
2013-04-17,2193.8,2197.51,2178.47,2195.03,68400
2013-04-18,2197.6,2206.03,2175.44,2181.82,71600
2013-04-19,2244.64,2250.11,2200.58,2201.12,109600
2013-04-22,2242.17,2245.12,2232.26,2236.4,95200
2013-04-23,2184.54,2242.62,2182.81,2242.62,96600
2013-04-24,2218.32,2226.12,2184.11,2187.35,91600
2013-04-25,2199.31,2224.63,2191.85,2213.19,96800
2013-04-26,2177.91,2210.58,2173.86,2203.89,76600
2013-05-02,2174.12,2179.65,2161.14,2170.78,68400
2013-05-03,2205.5,2222.81,2179.05,2179.05,88600
2013-05-06,2231.17,2236.07,2212.5,2212.5,92200
2013-05-07,2235.57,2240.26,2219.44,2227.86,86400
2013-05-08,2246.3,2255.21,2235.42,2242.39,90400
2013-05-09,2232.97,2247.86,2221.38,2246.96,98600
2013-05-10,2246.83,2247.67,2225.81,2228.82,90400
2013-05-13,2241.92,2250.85,2231.36,2247.68,86200
2013-05-14,2217.01,2239.93,2205.87,2238.9,83200
2013-05-15,2224.8,2225.19,2213.58,2217.09,71800
2013-05-16,2251.8,2252.87,2210.77,2221.34,110200
2013-05-17,2282.87,2288.09,2248.41,2249.81,126200
2013-05-20,2299.99,2309.39,2281.9,2286.33,139200
2013-05-21,2305.11,2305.3,2290.12,2297.11,124200
2013-05-22,2302.4,2314.18,2292.43,2303.75,128400
2013-05-23,2275.67,2304.95,2274.1,2293.81,124000
2013-05-24,2288.53,2292.59,2270.25,2281.45,101400
2013-05-27,2293.08,2301.7,2283.94,2286.66,107400
2013-05-28,2321.32,2322.1,2281.47,2293.4,132600
2013-05-29,2324.02,2334.33,2321.17,2323.54,125200
2013-05-30,2317.75,2325.72,2310.49,2316.25,112000
2013-05-31,2300.59,2325.53,2299.37,2320.74,108200
2013-06-03,2299.25,2313.43,2294.11,2300.21,96800
2013-06-04,2272.42,2297.1,2264.76,2297.1,101800
2013-06-05,2270.93,2276.86,2260.87,2270.71,76400
2013-06-06,2242.11,2266.69,2240.07,2264.43,81600
2013-06-07,2210.9,2250.63,2205.07,2242.26,90000
2013-06-13,2148.35,2190.1,2126.22,2190.1,94400
2013-06-14,2162.04,2163.85,2142.78,2150.06,77800
2013-06-17,2156.22,2169.36,2147.03,2165.99,75800
2013-06-18,2159.29,2161.68,2138.35,2158.55,69600
2013-06-19,2143.45,2150.82,2115.79,2150.82,75400
2013-06-20,2084.02,2132.81,2082.82,2132.81,77800
2013-06-21,2073.09,2085.86,2042.88,2058.98,79600
2013-06-24,1963.23,2068.86,1958.4,2068.86,109200
2013-06-25,1959.51,1963.57,1849.65,1948.31,138200
2013-06-26,1951.49,1959.16,1922.82,1954.47,101200
2013-06-27,1950.01,1980.54,1942.37,1955.13,105800
2013-06-28,1979.21,1987.98,1925.65,1935.52,100800
2013-07-01,1995.24,1995.92,1957.57,1965.99,78000
2013-07-02,2006.56,2007.62,1978.43,1992.89,86400
2013-07-03,1994.27,1996.54,1965.52,1996.51,93400
2013-07-04,2006.1,2022.14,1974.1,1982.87,100400
2013-07-05,2007.2,2021.54,2002.37,2006.19,91400
2013-07-08,1958.27,1983.21,1953.12,1983.21,84200
2013-07-09,1965.45,1969.15,1946.37,1953.6,64600
2013-07-10,2008.13,2009.36,1960.28,1962.84,89800
2013-07-11,2072.99,2092.87,2010.4,2011.02,160000
2013-07-12,2039.49,2074.86,2036.05,2068.04,121200
2013-07-15,2059.39,2076.67,2037.25,2046.12,101400
2013-07-16,2065.72,2066.36,2038.54,2054.6,96800
2013-07-17,2044.92,2075.81,2043.23,2061.19,103200
2013-07-18,2023.4,2043.37,2016.9,2038.4,92200
2013-07-19,1992.65,2035.22,1990.25,2025.32,104600
2013-07-22,2004.76,2005.47,1970.64,1977.73,83000
2013-07-23,2043.88,2051.53,2005.09,2008.95,109600
2013-07-24,2033.33,2042.77,2010.42,2035.69,106600
2013-07-25,2021.17,2045.36,2016.43,2037.34,98600
2013-07-26,2010.85,2021.57,2000.8,2013.19,73800
2013-07-29,1976.31,1997.84,1969.85,1997.84,78700
2013-07-30,1990.06,2006.23,1965.36,1981.45,77200
2013-07-31,1993.8,2015.47,1987.88,2000.79,70200
2013-08-01,2029.07,2029.93,1997.06,2000.82,91200
2013-08-02,2029.42,2047.08,2025.65,2039.51,93600
2013-08-05,2050.48,2050.91,2025.23,2031.72,85500
2013-08-06,2060.5,2066.74,2034.96,2043.65,105600
2013-08-07,2046.78,2069.56,2043.75,2056.37,107700
2013-08-08,2044.9,2058.56,2037.25,2044.44,84100
2013-08-09,2052.24,2061.71,2030.13,2052.24,95300
2013-08-12,2101.28,2102.35,2055.72,2058.42,135100
2013-08-13,2106.16,2106.4,2093.8,2101.32,117700
2013-08-14,2100.14,2122.97,2093.04,2109.23,114400
2013-08-15,2081.88,2108.41,2079.97,2099.28,99400
2013-08-16,2068.45,2198.85,2061.65,2075.98,153100
2013-08-19,2085.6,2091.13,2052.7,2055.13,97400
2013-08-20,2072.59,2098.98,2066.07,2081.97,107400
2013-08-21,2072.96,2076.32,2056.91,2076.27,87400
2013-08-22,2067.12,2083.33,2062.37,2069.31,90900
2013-08-23,2057.46,2079.85,2029.36,2075.93,112400
2013-08-26,2096.47,2097.34,2056.13,2061.42,119900
2013-08-27,2103.57,2105.38,2090.43,2095.44,126400
2013-08-28,2101.3,2113.82,2080.86,2092.31,161400
2013-08-29,2097.23,2110.89,2088.24,2108.44,133200
2013-08-30,2098.38,2114.39,2089.09,2097.22,170000
2013-09-02,2098.45,2108.68,2078.46,2104.09,149200
2013-09-03,2123.11,2123.85,2095.46,2100.45,138800
2013-09-04,2127.62,2133.0,2115.75,2121.68,142000
2013-09-05,2122.43,2127.85,2115.24,2125.25,126500
2013-09-06,2139.99,2143.24,2119.02,2119.33,143200
2013-09-09,2212.52,2218.53,2151.35,2151.35,219400
2013-09-10,2237.98,2238.55,2202.82,2214.81,237200
2013-09-11,2241.27,2258.07,2233.0,2244.96,244300
2013-09-12,2255.6,2270.27,2226.29,2236.17,209700
2013-09-13,2236.22,2259.42,2228.48,2251.46,172000
2013-09-16,2231.4,2248.47,2226.17,2244.46,154800
2013-09-17,2185.56,2230.93,2184.92,2230.39,154500
2013-09-18,2191.85,2195.9,2172.04,2185.94,115100
2013-09-23,2221.04,2223.07,2198.34,2199.36,133200
2013-09-24,2207.53,2219.54,2187.24,2219.47,160400
2013-09-25,2198.51,2217.97,2193.72,2206.23,160200
2013-09-26,2155.81,2192.23,2154.72,2192.23,140400
2013-09-27,2160.03,2165.78,2149.59,2150.96,105400
2013-09-30,2174.67,2176.3,2165.16,2167.73,92800
2013-10-08,2198.2,2200.02,2161.49,2171.9,126700
2013-10-09,2211.77,2212.35,2185.18,2191.39,130900
2013-10-10,2190.93,2214.59,2186.48,2214.41,149800
2013-10-11,2228.15,2228.87,2200.53,2201.41,156900
2013-10-14,2237.77,2242.98,2226.4,2232.22,166000
2013-10-15,2233.41,2240.25,2221.14,2237.93,153700
2013-10-16,2193.07,2228.11,2183.4,2228.11,154600
2013-10-17,2188.54,2211.03,2183.25,2201.71,126800
2013-10-18,2193.78,2203.29,2184.36,2188.71,103700
2013-10-21,2229.24,2230.28,2190.39,2198.11,136700
2013-10-22,2210.65,2227.34,2204.24,2227.34,149100
2013-10-23,2183.11,2226.85,2177.73,2213.27,146300
2013-10-24,2164.32,2183.41,2159.87,2178.82,103000
2013-10-25,2132.96,2170.61,2122.68,2163.69,113900
2013-10-28,2133.87,2140.96,2123.07,2135.88,88400
2013-10-29,2128.86,2163.66,2093.2,2135.23,143100
2013-10-30,2160.46,2161.94,2121.84,2126.69,119600
2013-10-31,2141.61,2155.51,2137.47,2155.51,108100
2013-11-01,2149.56,2157.31,2132.63,2139.88,89100
2013-11-04,2149.63,2160.58,2143.21,2156.09,76100
2013-11-05,2157.24,2158.15,2124.84,2139.84,91900
2013-11-06,2139.61,2166.17,2138.78,2149.39,100500
2013-11-07,2129.4,2141.6,2119.19,2136.63,81800
2013-11-08,2106.13,2128.58,2103.51,2120.92,83100
2013-11-11,2109.47,2117.28,2093.63,2103.3,69700
2013-11-12,2126.77,2127.94,2108.4,2110.72,79400
2013-11-13,2087.94,2117.91,2086.01,2117.89,88300
2013-11-14,2100.51,2102.38,2078.99,2087.12,83800
2013-11-15,2135.83,2153.21,2100.79,2100.9,125900
2013-11-18,2197.22,2198.32,2143.77,2147.37,157500
2013-11-19,2193.12,2203.3,2186.11,2198.32,125000
2013-11-20,2206.61,2207.1,2186.64,2201.47,119000
2013-11-21,2205.77,2206.53,2177.74,2197.01,137200
2013-11-22,2196.38,2211.07,2188.77,2206.47,113800
2013-11-25,2186.11,2209.15,2181.42,2186.06,108300
2013-11-26,2183.07,2192.58,2176.18,2184.33,100500
2013-11-27,2201.07,2207.62,2176.85,2181.73,115400
2013-11-28,2219.37,2234.39,2202.62,2204.38,134500
2013-11-29,2220.5,2224.94,2212.26,2221.62,107000
2013-12-02,2207.37,2231.92,2172.63,2203.12,174300
2013-12-03,2222.67,2227.93,2193.25,2196.82,113500
2013-12-04,2251.76,2260.87,2215.92,2219.97,157300
2013-12-05,2247.06,2255.26,2239.14,2252.72,122000
2013-12-06,2237.11,2248.15,2228.63,2242.56,103700
2013-12-09,2238.2,2249.17,2231.73,2241.79,93300
2013-12-10,2237.49,2250.5,2231.68,2239.86,109000
2013-12-11,2204.17,2228.63,2193.16,2228.63,109400
2013-12-12,2202.8,2214.55,2194.9,2199.32,86100
2013-12-13,2196.07,2204.64,2183.84,2188.26,85100
2013-12-16,2160.86,2201.7,2159.99,2197.23,101400
2013-12-17,2151.08,2165.54,2146.31,2161.54,78600
2013-12-18,2148.28,2156.59,2142.62,2150.41,64200
2013-12-19,2127.79,2159.14,2126.25,2153.67,73100
2013-12-20,2084.79,2131.74,2082.85,2128.37,86800
2013-12-23,2089.71,2099.52,2068.54,2089.54,68100
2013-12-24,2092.91,2111.8,2079.81,2094.07,70300
2013-12-25,2106.35,2107.23,2088.3,2095.02,65200
2013-12-26,2073.1,2102.66,2070.55,2102.66,78500
2013-12-27,2101.25,2110.36,2069.59,2074.59,76800
2013-12-30,2097.53,2112.01,2095.06,2108.88,74100
2013-12-31,2115.98,2120.27,2087.42,2090.68,80500
2014-01-02,2109.39,2113.11,2101.02,2112.13,68500
2014-01-03,2083.14,2102.17,2075.9,2101.54,84500
2014-01-06,2045.71,2078.68,2034.01,2078.68,89600
2014-01-07,2047.32,2052.28,2029.25,2034.22,63400
2014-01-08,2044.34,2062.95,2037.11,2047.26,71600
2014-01-09,2027.62,2057.2,2026.45,2041.77,75900
2014-01-10,2013.3,2029.3,2008.01,2023.54,75600
2014-01-13,2009.56,2027.18,2000.4,2014.98,66500
2014-01-14,2026.84,2027.43,2001.14,2007.16,70400
2014-01-15,2023.35,2027.41,2010.2,2024.23,67400
2014-01-16,2023.7,2034.71,2014.41,2022.54,72800
2014-01-17,2004.95,2017.87,2001.33,2017.52,67300
2014-01-20,1991.25,2005.94,1984.82,2001.89,56300
2014-01-21,2008.31,2014.15,1992.02,1992.02,59800
2014-01-22,2051.75,2052.34,2008.93,2009.97,98900
2014-01-23,2042.18,2052.53,2039.05,2048.33,84200
2014-01-24,2054.39,2060.99,2034.45,2037.67,92900
2014-01-27,2033.3,2044.85,2029.63,2044.27,88800
2014-01-28,2038.51,2047.13,2026.99,2036.4,72500
2014-01-29,2049.91,2051.58,2039.77,2042.18,73900
2014-01-30,2033.08,2045.93,2031.47,2045.93,62600
2014-02-07,2044.5,2044.73,2014.7,2022.32,73600
2014-02-10,2086.07,2087.98,2049.98,2049.98,124300
2014-02-11,2103.67,2111.06,2082.52,2086.18,142200
2014-02-12,2109.96,2110.9,2096.51,2103.83,126300
2014-02-13,2098.4,2122.83,2096.97,2106.93,146500
2014-02-14,2115.85,2116.19,2095.09,2097.32,111500
2014-02-17,2135.42,2136.45,2117.69,2124.88,140200
2014-02-18,2119.07,2134.14,2113.13,2134.14,142900
2014-02-19,2142.55,2152.96,2111.17,2116.92,151300
2014-02-20,2138.78,2177.98,2136.48,2152.89,157100
2014-02-21,2113.69,2132.7,2098.33,2131.59,117700
2014-02-24,2076.69,2099.72,2058.79,2099.72,123600
2014-02-25,2034.22,2087.62,2026.54,2077.28,140100
2014-02-26,2041.25,2041.63,2014.38,2026.61,110100
2014-02-27,2047.35,2068.31,2036.39,2045.1,132200
2014-02-28,2056.3,2058.49,2020.94,2040.62,111600
2014-03-03,2075.24,2078.33,2047.07,2052.07,127500
2014-03-04,2071.47,2074.02,2050.12,2068.11,115900
2014-03-05,2053.08,2074.81,2050.18,2073.29,107700
2014-03-06,2059.58,2065.79,2030.95,2050.03,109300
2014-03-07,2057.91,2079.49,2050.47,2058.38,103700
2014-03-10,1999.06,2042.63,1995.55,2042.35,115700
2014-03-11,2001.16,2008.07,1985.6,1994.42,92700
2014-03-12,1997.69,2011.06,1974.38,1996.24,101400
2014-03-13,2019.11,2029.12,1996.53,2000.69,101000
2014-03-14,2004.34,2017.91,1990.98,2008.82,87800
2014-03-17,2023.67,2024.37,1999.25,2009.88,86300
2014-03-18,2025.2,2034.92,2020.41,2026.22,96800
2014-03-19,2021.73,2022.18,2002.44,2019.98,95200
2014-03-20,1993.48,2030.85,1993.0,2017.22,110300
2014-03-21,2047.62,2052.47,1986.07,1987.68,144500
2014-03-24,2066.28,2074.06,2043.33,2050.83,147700
2014-03-25,2067.31,2079.55,2057.49,2063.32,131800
2014-03-26,2063.67,2074.57,2057.65,2070.57,102600
2014-03-27,2046.59,2073.98,2042.71,2060.81,119100
2014-03-28,2041.71,2060.13,2035.24,2046.85,121700
2014-03-31,2033.31,2048.13,2024.19,2043.05,94400
2014-04-01,2047.46,2050.68,2028.1,2031.01,83300
2014-04-02,2058.99,2060.78,2046.74,2049.42,102700
2014-04-03,2043.7,2066.01,2037.45,2063.5,108600
2014-04-04,2058.83,2060.1,2035.22,2037.55,83200
2014-04-08,2098.28,2102.45,2052.9,2054.53,133400
2014-04-09,2105.24,2108.75,2095.64,2100.65,105300
2014-04-10,2134.3,2146.67,2098.08,2105.88,156800
2014-04-11,2130.54,2138.65,2120.18,2130.37,131800
2014-04-14,2131.54,2134.43,2116.61,2127.41,102100
2014-04-15,2101.6,2125.9,2098.15,2125.9,107500
2014-04-16,2105.12,2112.05,2092.16,2097.21,89400
2014-04-17,2098.89,2110.72,2095.71,2108.95,89900
2014-04-18,2097.75,2099.64,2081.19,2091.48,88200
2014-04-21,2065.83,2103.08,2065.23,2085.98,96400
2014-04-22,2072.83,2073.66,2047.33,2062.79,98700
2014-04-23,2067.38,2076.35,2059.11,2068.08,78500
2014-04-24,2057.03,2075.76,2056.19,2064.16,78200
2014-04-25,2036.52,2065.64,2035.57,2060.54,93000
2014-04-28,2003.49,2035.99,2000.14,2033.34,89800
2014-04-29,2020.34,2021.68,1997.64,2001.9,76200
2014-04-30,2026.36,2029.54,2016.58,2020.44,74500
2014-05-05,2027.35,2028.96,2007.35,2022.18,79900
2014-05-06,2028.04,2038.7,2021.48,2024.26,74600
2014-05-07,2010.08,2024.63,2008.45,2023.15,74400
2014-05-08,2015.27,2036.94,2005.69,2006.85,77900
2014-05-09,2011.14,2020.45,2001.3,2016.5,76200
2014-05-12,2052.87,2055.51,2016.64,2022.93,115700
2014-05-13,2050.73,2061.06,2043.55,2055.08,97200
2014-05-14,2047.91,2056.57,2042.74,2049.27,72000
2014-05-15,2024.97,2047.32,2022.86,2044.38,75800
2014-05-16,2026.5,2027.76,2012.69,2023.6,66400
2014-05-19,2005.18,2023.27,1996.02,2023.01,65300
2014-05-20,2008.12,2018.16,2002.76,2011.85,61300
2014-05-21,2024.95,2025.19,1991.06,2001.31,61800
2014-05-22,2021.29,2041.96,2018.88,2023.15,74700
2014-05-23,2034.57,2034.57,2017.74,2020.11,63500
2014-05-26,2041.48,2045.38,2035.09,2042.03,70300
2014-05-27,2034.56,2044.15,2032.84,2039.79,67600
2014-05-28,2050.23,2052.66,2029.34,2034.56,81300
2014-05-29,2040.59,2057.08,2039.24,2051.84,81200
2014-05-30,2039.21,2046.96,2031.37,2040.39,75100
2014-06-03,2038.31,2049.58,2037.3,2039.2,71600
2014-06-04,2024.83,2038.48,2012.91,2037.99,72400
2014-06-05,2040.88,2041.7,2016.18,2019.44,68000
2014-06-06,2029.96,2041.57,2022.16,2040.86,66000
2014-06-09,2030.5,2045.26,2023.2,2024.94,64800
2014-06-10,2052.53,2052.76,2026.39,2033.21,79600
2014-06-11,2054.95,2056.63,2045.41,2049.13,74400
2014-06-12,2051.71,2057.1,2045.96,2051.58,81700
2014-06-13,2070.72,2073.6,2048.62,2049.21,97200
2014-06-16,2085.98,2087.32,2069.44,2070.7,95900
2014-06-17,2066.7,2080.48,2064.67,2080.48,87800
2014-06-18,2055.52,2066.91,2051.75,2064.38,87200
2014-06-19,2023.73,2059.25,2017.65,2054.62,92900
2014-06-20,2026.67,2027.15,2010.53,2013.41,67200
2014-06-23,2024.36,2033.32,2022.92,2026.23,70500
2014-06-24,2033.93,2034.71,2021.75,2023.7,71200
2014-06-25,2025.5,2030.62,2018.36,2030.43,67500
2014-06-26,2038.68,2040.75,2025.31,2025.66,81000
2014-06-27,2036.51,2043.98,2025.07,2031.91,97600
2014-06-30,2048.33,2052.34,2038.53,2038.61,96700
2014-07-01,2050.38,2052.64,2041.94,2051.23,98500
2014-07-02,2059.42,2060.59,2044.04,2049.49,109600
2014-07-03,2063.23,2066.64,2048.08,2051.63,122900
2014-07-04,2059.38,2065.08,2054.22,2062.36,105000
2014-07-07,2059.93,2064.04,2050.89,2058.13,97200
2014-07-08,2064.02,2064.43,2047.2,2058.13,95100
2014-07-09,2038.61,2062.47,2037.6,2061.64,113300
2014-07-10,2038.34,2045.53,2034.96,2036.54,97900
2014-07-11,2046.96,2051.74,2033.0,2033.87,105100
2014-07-14,2066.65,2067.34,2044.9,2047.74,115100
2014-07-15,2070.36,2070.36,2059.68,2065.9,124500
2014-07-16,2067.28,2075.49,2061.57,2068.34,137100
2014-07-17,2055.59,2062.89,2046.19,2062.89,104500
2014-07-18,2059.07,2067.23,2046.0,2047.5,106600
2014-07-21,2054.48,2061.82,2049.18,2057.77,93900
2014-07-22,2075.48,2078.08,2049.81,2050.5,123200
2014-07-23,2078.49,2088.19,2072.23,2074.2,137300
2014-07-24,2105.06,2107.95,2079.63,2079.63,165700
2014-07-25,2126.61,2127.22,2106.71,2108.71,142500
2014-07-28,2177.95,2181.5,2135.25,2135.25,236200
2014-07-29,2183.19,2193.52,2172.1,2179.83,200300
2014-07-30,2181.24,2194.57,2177.24,2178.18,184900
2014-07-31,2201.56,2202.13,2173.9,2179.54,164700
2014-08-01,2185.3,2218.79,2184.64,2194.17,191500
2014-08-04,2223.33,2224.07,2186.92,2190.04,174100
2014-08-05,2219.95,2226.84,2206.85,2224.63,175400
2014-08-06,2217.47,2223.89,2192.99,2212.0,177700
2014-08-07,2187.67,2220.57,2185.76,2216.66,175200
2014-08-08,2194.43,2199.58,2180.6,2188.71,135200
2014-08-11,2224.65,2225.96,2198.31,2199.43,150600
2014-08-12,2221.59,2222.98,2210.0,2222.7,154800
2014-08-13,2222.88,2230.99,2202.44,2223.05,178100
2014-08-14,2206.47,2230.89,2204.38,2221.54,170100
2014-08-15,2226.73,2230.87,2203.24,2207.23,150000
2014-08-18,2239.47,2242.03,2228.13,2229.8,163900
2014-08-19,2245.33,2246.02,2227.93,2242.34,177700
2014-08-20,2240.21,2248.94,2233.89,2241.66,167700
2014-08-21,2230.46,2240.08,2211.63,2239.57,165700
2014-08-22,2240.81,2243.3,2225.27,2228.97,160100
2014-08-25,2229.27,2241.55,2222.01,2241.1,162100
2014-08-26,2207.11,2232.78,2200.62,2225.29,163500
2014-08-27,2209.47,2216.67,2204.05,2207.03,120900
2014-08-28,2195.82,2219.47,2194.86,2210.48,124200
2014-08-29,2217.2,2218.7,2193.26,2198.95,105200
2014-09-01,2235.51,2236.29,2217.69,2220.13,129200
2014-09-02,2266.05,2267.51,2234.38,2239.68,192100
2014-09-03,2288.63,2290.55,2268.1,2268.4,212500
2014-09-04,2306.86,2307.7,2283.28,2290.03,199500
2014-09-05,2326.43,2327.56,2307.45,2311.3,213200
2014-09-09,2326.53,2331.92,2315.89,2328.43,197000
2014-09-10,2318.3,2321.91,2306.42,2318.5,189800
2014-09-11,2311.68,2343.59,2304.6,2315.73,222200
2014-09-12,2331.95,2331.95,2302.77,2308.35,193500
2014-09-15,2339.14,2340.45,2321.59,2330.19,215100
2014-09-16,2296.55,2347.94,2293.87,2341.03,302700
2014-09-17,2307.89,2309.05,2282.79,2298.98,210800
2014-09-18,2315.93,2319.88,2297.93,2303.85,189100
2014-09-19,2329.45,2331.56,2305.52,2312.98,174600
2014-09-22,2289.87,2323.55,2284.38,2323.55,175800
2014-09-23,2309.72,2311.52,2289.02,2289.09,156900
2014-09-24,2343.57,2345.75,2297.88,2302.23,222500
2014-09-25,2345.1,2365.15,2336.8,2352.86,225700
2014-09-26,2347.72,2350.11,2329.96,2339.29,174700
2014-09-29,2357.71,2363.06,2346.58,2353.71,200100
2014-09-30,2363.87,2365.49,2354.27,2361.32,193900
2014-10-08,2382.79,2382.79,2354.29,2368.58,204400
2014-10-09,2389.37,2391.35,2367.11,2383.86,235900
2014-10-10,2374.54,2386.28,2365.07,2380.75,224700
2014-10-13,2366.01,2366.86,2341.12,2366.43,200900
2014-10-14,2359.48,2380.51,2349.19,2362.8,196800
2014-10-15,2373.67,2374.81,2344.37,2358.23,202800
2014-10-16,2356.5,2389.68,2353.41,2361.13,248200
2014-10-17,2341.18,2360.6,2312.83,2352.78,212300
2014-10-20,2356.73,2357.51,2340.46,2346.05,160000
2014-10-21,2339.66,2361.65,2337.55,2355.03,168800
2014-10-22,2326.55,2352.12,2324.59,2339.22,152700
2014-10-23,2302.42,2329.93,2297.33,2322.32,162600
2014-10-24,2302.28,2314.88,2296.66,2303.08,132200
2014-10-27,2290.44,2293.64,2279.84,2293.57,130300
2014-10-28,2337.87,2338.28,2294.01,2294.01,178600
2014-10-29,2373.03,2381.64,2339.71,2343.72,265600
2014-10-30,2391.08,2397.26,2365.92,2371.89,294600
2014-10-31,2420.18,2423.6,2384.48,2393.18,325800
2014-11-03,2430.97,2436.78,2418.17,2425.23,298800
2014-11-04,2430.74,2435.22,2417.22,2428.27,309000
2014-11-05,2420.4,2434.36,2415.5,2432.17,263600
2014-11-06,2425.81,2426.89,2401.75,2419.62,222000
2014-11-07,2419.15,2454.42,2407.44,2427.9,291200
2014-11-10,2473.18,2474.16,2428.19,2436.63,300600
2014-11-11,2470.59,2508.62,2445.96,2483.65,411900
2014-11-12,2494.28,2494.92,2444.81,2454.6,252900
2014-11-13,2486.67,2507.74,2471.41,2495.0,295000
2014-11-14,2479.19,2481.02,2457.04,2477.97,220600
2014-11-17,2475.12,2508.77,2472.45,2506.86,215700
2014-11-18,2457.53,2477.05,2449.81,2474.18,201100
2014-11-19,2451.17,2461.49,2442.71,2452.15,186200
2014-11-20,2452.62,2458.32,2437.48,2443.28,165500
2014-11-21,2487.11,2488.2,2446.65,2452.64,212200
2014-11-24,2533.89,2546.75,2495.52,2505.53,363500
2014-11-25,2567.6,2568.38,2527.08,2532.0,314300
2014-11-26,2604.89,2605.07,2570.4,2572.65,337100
2014-11-27,2630.05,2631.4,2599.11,2615.37,364100
2014-11-28,2682.92,2683.18,2622.06,2629.63,465900
2014-12-01,2680.74,2720.74,2668.84,2691.73,446800
2014-12-02,2763.32,2777.37,2665.69,2667.82,437700
2014-12-03,2779.74,2824.18,2733.87,2768.68,562100
2014-12-04,2900.36,2900.51,2772.43,2783.47,532700
2014-12-05,2938.78,2978.03,2813.05,2926.57,640500
2014-12-08,3021.52,3041.66,2879.85,2907.81,587600
2014-12-09,2859.92,3091.32,2834.59,2992.49,772000
2014-12-10,2940.88,2946.71,2807.68,2855.94,512900
2014-12-11,2925.74,2965.68,2892.61,2912.35,482600
2014-12-12,2938.17,2962.51,2914.96,2929.36,409500
2014-12-15,2953.42,2960.23,2890.9,2921.45,400400
2014-12-16,3021.52,3021.9,2943.91,2953.81,453800
2014-12-17,3061.02,3076.6,2993.33,3031.95,542500
2014-12-18,3057.52,3089.79,3030.32,3062.8,435900
2014-12-19,3108.6,3117.53,3018.42,3053.07,521100
2014-12-22,3127.45,3189.87,3090.51,3129.27,679400
2014-12-23,3032.61,3136.84,3025.67,3085.08,437800
2014-12-24,2972.53,3050.51,2934.91,3039.21,376800
2014-12-26,3157.6,3164.16,3064.18,3078.0,460700
2014-12-29,3168.02,3223.86,3126.94,3212.56,510100
2014-12-30,3165.81,3190.3,3130.35,3160.8,397700
2014-12-31,3234.68,3239.36,3157.26,3172.6,406000
2015-01-05,3350.52,3369.28,3253.88,3258.63,531400
2015-01-06,3351.45,3394.22,3303.18,3330.8,501700
2015-01-07,3373.95,3374.9,3312.21,3326.65,391900
2015-01-08,3293.46,3381.57,3285.09,3371.96,371100
2015-01-09,3285.41,3404.83,3267.51,3276.97,410200
2015-01-12,3229.32,3275.19,3191.58,3258.21,322100
2015-01-13,3235.3,3259.39,3214.41,3223.54,230700
2015-01-14,3222.44,3268.48,3193.98,3242.34,240200
2015-01-15,3336.46,3337.08,3207.54,3224.07,282500
2015-01-16,3376.5,3400.32,3340.49,3343.6,339900
2015-01-19,3116.35,3262.21,3095.07,3189.73,401100
2015-01-20,3173.05,3190.25,3100.48,3114.56,357100
2015-01-21,3323.61,3337.0,3178.34,3189.08,411000
2015-01-22,3343.34,3352.38,3293.98,3327.32,353400
2015-01-23,3351.76,3406.79,3328.29,3357.1,366200
2015-01-26,3383.18,3384.8,3321.31,3347.26,317500
2015-01-27,3352.96,3390.22,3290.22,3389.85,374500
2015-01-28,3305.74,3354.8,3294.66,3325.72,301900
2015-01-29,3262.3,3286.79,3234.24,3259.0,274700
2015-01-30,3210.36,3288.5,3210.31,3273.75,258300
2015-02-02,3128.3,3175.13,3122.57,3148.14,250900
2015-02-03,3204.91,3207.94,3129.73,3156.09,248200
2015-02-04,3174.13,3238.98,3171.14,3212.82,249100
2015-02-05,3136.53,3251.21,3135.82,3251.21,306100
2015-02-06,3075.91,3129.54,3052.94,3120.09,246700
2015-02-09,3095.12,3119.03,3049.11,3063.51,206100
2015-02-10,3141.59,3142.1,3084.25,3090.49,193800
2015-02-11,3157.7,3166.42,3139.05,3145.76,172800
2015-02-12,3173.42,3181.77,3134.24,3157.96,194600
2015-02-13,3203.83,3237.16,3182.79,3186.81,261300
2015-02-16,3222.36,3228.85,3195.88,3206.14,223800
2015-02-17,3246.91,3255.73,3230.77,3230.88,228300
2015-02-25,3228.84,3257.22,3215.55,3256.48,233300
2015-02-26,3298.36,3300.62,3202.19,3222.15,301300
2015-02-27,3310.3,3324.55,3291.01,3296.83,299200
2015-03-02,3336.28,3336.76,3298.67,3332.72,346400
2015-03-03,3263.05,3317.7,3260.43,3317.7,382000
2015-03-04,3279.53,3286.59,3250.48,3264.18,293600
2015-03-05,3248.48,3266.64,3221.67,3264.08,320700
2015-03-06,3241.19,3266.93,3234.53,3248.04,282900
2015-03-09,3302.41,3307.7,3198.37,3224.31,321500
2015-03-10,3286.07,3309.92,3277.09,3289.08,285800
2015-03-11,3290.9,3325.05,3278.47,3289.59,283000
2015-03-12,3349.32,3360.05,3300.49,3314.81,357300
2015-03-13,3372.91,3391.25,3352.15,3359.49,328400
2015-03-16,3449.3,3449.3,3377.09,3391.16,399100
2015-03-17,3502.85,3504.12,3459.69,3469.6,520900
2015-03-18,3577.3,3577.66,3503.85,3510.5,545200
2015-03-19,3582.27,3600.68,3546.84,3576.02,537300
2015-03-20,3617.32,3632.34,3569.38,3587.08,516700
2015-03-23,3687.73,3688.25,3635.49,3640.1,536100
2015-03-24,3691.41,3715.87,3600.7,3692.57,639600
2015-03-25,3660.73,3693.15,3634.56,3680.95,521900
2015-03-26,3682.09,3707.32,3615.01,3641.94,488600
2015-03-27,3691.1,3710.48,3656.83,3686.13,408900
2015-03-30,3786.57,3795.94,3710.61,3710.61,564700
2015-03-31,3747.9,3835.57,3737.04,3822.99,561700
2015-04-01,3810.29,3817.08,3742.21,3748.34,447500
2015-04-02,3825.78,3835.45,3775.89,3827.69,479300
2015-04-03,3863.93,3864.41,3792.21,3803.38,473000
2015-04-07,3961.38,3961.67,3891.73,3899.42,570400
2015-04-08,3994.81,4000.22,3903.65,3976.53,618100
2015-04-09,3957.53,4016.4,3900.03,4006.13,585200
2015-04-10,4034.31,4040.35,3929.32,3947.49,484300
2015-04-13,4121.71,4128.07,4057.29,4072.72,589800
2015-04-14,4135.56,4168.35,4091.26,4125.78,610700
2015-04-15,4084.16,4175.49,4069.01,4135.65,613000
2015-04-16,4194.82,4195.31,4031.24,4055.92,551200
2015-04-17,4287.3,4317.22,4238.91,4254.72,701700
2015-04-20,4217.08,4356.0,4190.68,4301.35,857100
2015-04-21,4293.62,4294.38,4188.57,4212.19,634500
2015-04-22,4398.49,4400.19,4297.95,4304.6,680300
2015-04-23,4414.51,4444.41,4358.84,4414.48,667300
2015-04-24,4393.69,4416.38,4318.12,4355.95,628600
2015-04-27,4527.4,4529.73,4441.93,4441.93,671100
2015-04-28,4476.21,4572.39,4432.9,4527.63,767700
2015-04-29,4476.62,4499.94,4398.64,4446.12,519800
2015-04-30,4441.65,4507.34,4441.05,4483.01,526700
2015-05-04,4480.46,4487.57,4387.43,4441.34,494200
2015-05-05,4298.71,4488.87,4282.24,4479.85,572900
2015-05-06,4229.27,4376.35,4187.37,4311.64,481700
2015-05-07,4112.21,4213.76,4108.01,4197.9,394600
2015-05-08,4205.92,4206.86,4099.04,4152.98,397400
2015-05-11,4333.58,4334.88,4187.82,4231.27,488800
2015-05-12,4401.22,4402.31,4317.98,4342.37,521900
2015-05-13,4375.76,4415.63,4342.48,4402.38,510500
2015-05-14,4378.31,4397.75,4329.04,4372.82,449100
2015-05-15,4308.69,4366.82,4278.55,4366.82,439700
2015-05-18,4283.49,4324.83,4260.51,4277.9,380100
2015-05-19,4417.55,4418.4,4285.78,4285.78,436700
2015-05-20,4446.29,4520.54,4432.28,4434.98,514100
2015-05-21,4529.42,4530.48,4438.26,4456.44,465000
2015-05-22,4657.6,4658.27,4562.99,4584.98,655600
2015-05-25,4813.8,4814.67,4656.83,4660.08,682500
2015-05-26,4910.9,4911.69,4779.08,4854.85,704900
2015-05-27,4941.71,4958.16,4857.06,4932.85,681200
2015-05-28,4620.27,4986.5,4614.24,4943.74,783000
2015-05-29,4611.74,4698.19,4431.56,4603.46,611300
2015-06-01,4828.74,4829.5,4615.23,4633.1,593400
2015-06-02,4910.53,4911.57,4797.55,4844.7,623700
2015-06-03,4909.98,4942.06,4822.44,4924.38,611500
2015-06-04,4947.1,4947.96,4647.41,4912.94,675000
2015-06-05,5023.1,5051.63,4898.07,5016.09,772200
2015-06-08,5131.88,5146.95,4997.48,5045.69,855000
2015-06-09,5113.53,5147.45,5042.96,5145.98,729900
2015-06-10,5106.04,5164.16,5001.49,5049.2,597000
2015-06-11,5121.59,5122.46,5050.77,5101.44,564000
2015-06-12,5166.35,5178.19,5103.4,5143.34,625600
2015-06-15,5062.99,5176.79,5048.74,5174.42,637800
2015-06-16,4887.43,5029.68,4842.1,5004.41,550800
2015-06-17,4967.9,4983.66,4767.22,4890.55,537100
2015-06-18,4785.36,4966.77,4780.87,4942.52,507400
2015-06-19,4478.36,4744.08,4476.5,4689.93,452700
2015-06-23,4576.49,4577.94,4264.77,4471.61,473500
2015-06-24,4690.15,4691.77,4552.13,4604.58,543000
2015-06-25,4527.78,4720.7,4483.55,4711.76,572800
2015-06-26,4192.87,4456.9,4139.53,4399.93,565200
2015-06-29,4053.03,4297.48,3875.05,4289.77,673800
2015-06-30,4277.22,4279.97,3847.88,4006.75,709200
2015-07-01,4053.7,4317.05,4043.37,4214.15,598800
2015-07-02,3912.77,4080.39,3795.25,4058.62,586000
2015-07-03,3686.92,3927.13,3629.56,3793.71,548200
2015-07-06,3775.91,3975.21,3653.04,3975.21,831100
2015-07-07,3727.12,3750.57,3585.4,3654.78,698800
2015-07-08,3507.19,3599.25,3421.52,3467.4,680400
2015-07-09,3709.33,3748.48,3373.54,3432.45,656900
2015-07-10,3877.8,3959.22,3677.44,3707.46,586400
2015-07-13,3970.39,4030.2,3858.64,3918.99,643500
2015-07-14,3924.49,4035.44,3855.56,3958.37,670600
2015-07-15,3805.7,3914.27,3741.25,3874.97,601300
2015-07-16,3823.18,3877.51,3688.44,3758.5,492300
2015-07-17,3957.35,3994.48,3814.15,3831.42,481700
2015-07-20,3992.11,4021.33,3927.12,3948.42,539100
2015-07-21,4017.68,4041.82,3912.8,3939.9,504300
2015-07-22,4026.04,4042.34,3960.86,3996.43,520700
2015-07-23,4123.92,4132.61,4019.04,4022.27,563600
2015-07-24,4070.91,4184.45,4044.83,4124.75,627400
2015-07-27,3725.56,4051.16,3720.44,3985.57,556000
2015-07-28,3663.0,3762.53,3537.36,3573.14,563300
2015-07-29,3789.17,3792.07,3612.06,3689.82,434400
2015-07-30,3705.77,3844.37,3685.96,3773.79,457900
2015-07-31,3663.73,3729.51,3620.17,3655.67,351000
2015-08-03,3622.91,3648.94,3549.5,3614.99,364000
2015-08-04,3756.54,3757.03,3601.29,3621.85,362900
2015-08-05,3694.57,3782.35,3676.39,3745.65,366400
2015-08-06,3661.54,3710.57,3614.74,3625.5,274100
2015-08-07,3744.21,3756.74,3686.3,3692.61,340800
2015-08-10,3928.42,3943.62,3775.85,3786.03,497300
2015-08-11,3927.91,3970.34,3891.18,3928.81,538900
2015-08-12,3886.32,3937.77,3871.14,3881.23,442700
2015-08-13,3954.56,3955.79,3838.16,3869.91,430100
2015-08-14,3965.33,4000.68,3939.83,3976.41,468000
2015-08-17,3993.67,3994.54,3907.4,3947.84,460400
2015-08-18,3748.16,4006.34,3743.39,3999.13,543800
2015-08-19,3794.11,3811.43,3558.38,3646.8,475400
2015-08-20,3664.29,3788.0,3663.61,3754.57,390100
2015-08-21,3507.74,3652.84,3490.54,3609.96,369900
2015-08-24,3209.91,3388.36,3191.88,3373.48,334700
2015-08-25,2964.97,3123.03,2947.94,3004.13,352300
2015-08-26,2927.29,3092.04,2850.71,2980.79,466700
2015-08-27,3083.59,3085.42,2906.49,2978.03,400300
2015-08-28,3232.35,3235.84,3102.95,3125.26,443100
2015-08-31,3205.99,3207.86,3109.16,3203.56,397400
2015-09-01,3166.62,3180.33,3053.74,3157.83,432400
2015-09-02,3160.17,3194.49,3019.09,3027.68,438200
2015-09-07,3080.42,3217.58,3066.3,3149.38,296500
2015-09-08,3170.45,3174.71,3011.12,3054.44,255400
2015-09-09,3243.09,3256.74,3165.7,3182.55,375300
2015-09-10,3197.89,3243.28,3178.9,3190.55,273300
2015-09-11,3200.23,3223.76,3163.45,3189.48,224600
2015-09-14,3114.8,3229.48,3049.23,3221.17,346600
2015-09-15,3005.17,3081.7,2983.92,3043.8,249200
2015-09-16,3152.26,3182.93,2983.53,2998.04,277500
2015-09-17,3086.06,3204.7,3085.31,3131.98,317600
2015-09-18,3097.92,3122.05,3070.34,3100.28,209200
2015-09-21,3156.54,3159.88,3060.86,3072.09,239900
2015-09-22,3185.62,3213.48,3152.48,3161.32,274800
2015-09-23,3115.89,3164.04,3104.74,3137.72,236300
2015-09-24,3142.69,3151.17,3109.69,3126.49,212900
2015-09-25,3092.35,3149.95,3063.0,3130.85,236300
2015-09-28,3100.76,3103.07,3042.31,3085.57,156700
2015-09-29,3038.14,3068.3,3021.16,3055.22,163200
2015-09-30,3052.78,3073.3,3039.74,3052.84,146600
2015-10-08,3143.36,3172.28,3133.13,3156.07,234300
2015-10-09,3183.15,3192.72,3137.79,3146.64,234900
2015-10-12,3287.66,3318.71,3188.41,3193.54,386300
2015-10-13,3293.23,3298.63,3253.25,3262.16,297200
2015-10-14,3262.44,3307.31,3256.25,3280.02,295100
2015-10-15,3338.07,3338.3,3254.39,3255.03,316300
2015-10-16,3391.35,3393.02,3334.85,3358.3,395500
2015-10-19,3386.7,3423.4,3355.57,3401.63,378100
2015-10-20,3425.33,3425.52,3357.86,3377.55,319000
2015-10-21,3320.68,3447.26,3265.44,3428.56,458500
2015-10-22,3368.74,3373.78,3282.99,3292.29,323700
2015-10-23,3412.43,3422.02,3360.22,3377.55,347400
2015-10-26,3429.58,3457.52,3402.0,3448.65,365600
2015-10-27,3434.34,3441.56,3332.62,3409.14,328200
2015-10-28,3375.2,3439.76,3367.23,3417.01,293500
2015-10-29,3387.31,3411.71,3362.51,3387.77,235700
2015-10-30,3382.56,3417.2,3346.59,3380.28,243600
2015-11-02,3325.08,3391.06,3322.31,3337.58,231000
2015-11-03,3316.7,3346.27,3302.18,3330.32,192900
2015-11-04,3459.64,3459.65,3325.62,3325.62,339100
2015-11-05,3522.82,3585.66,3455.52,3459.22,553300
2015-11-06,3590.03,3596.38,3508.83,3514.44,429200
2015-11-09,3646.88,3673.76,3588.5,3588.5,503000
2015-11-10,3640.49,3669.53,3607.89,3617.4,429700
2015-11-11,3650.25,3654.88,3605.62,3635.0,361000
2015-11-12,3632.9,3659.31,3603.23,3656.82,361700
2015-11-13,3580.84,3632.56,3564.81,3600.76,345900
2015-11-16,3606.96,3607.61,3519.42,3522.46,276200
2015-11-17,3604.79,3678.27,3598.07,3629.98,383600
2015-11-18,3568.47,3617.07,3558.7,3605.06,297600
2015-11-19,3617.06,3618.21,3561.04,3573.78,247900
2015-11-20,3630.5,3640.53,3607.92,3620.79,310800
2015-11-23,3610.31,3654.75,3598.87,3630.87,316000
2015-11-24,3616.11,3616.48,3563.1,3602.89,248800
2015-11-25,3647.93,3648.37,3607.52,3614.07,273000
2015-11-26,3635.55,3668.38,3629.86,3659.57,306800
2015-11-27,3436.3,3621.9,3412.43,3616.54,354300
2015-11-30,3445.41,3470.37,3327.81,3433.85,304200
2015-12-01,3456.31,3483.41,3417.54,3442.44,252400
2015-12-02,3536.91,3538.85,3427.66,3450.28,301500
2015-12-03,3584.82,3591.73,3517.23,3525.73,281100
2015-12-04,3524.99,3568.97,3510.41,3558.15,251700
2015-12-07,3536.93,3543.95,3506.62,3529.81,208300
2015-12-08,3470.07,3518.65,3466.79,3518.65,224400
2015-12-09,3472.44,3495.7,3454.88,3462.58,195700
2015-12-10,3455.5,3503.65,3446.27,3469.81,200400
2015-12-11,3434.58,3455.55,3410.92,3441.6,182900
2015-12-14,3520.67,3521.78,3399.28,3403.51,215400
2015-12-15,3510.35,3529.96,3496.85,3518.13,200500
2015-12-16,3516.19,3538.69,3506.29,3522.09,193500
2015-12-17,3580.0,3583.41,3533.63,3533.63,283900
2015-12-18,3578.96,3614.7,3568.16,3574.94,273700
2015-12-21,3642.47,3651.06,3565.75,3568.58,299800
2015-12-22,3651.77,3652.64,3616.87,3645.99,261200
2015-12-23,3636.09,3684.57,3633.02,3653.28,298200
2015-12-24,3612.49,3640.22,3572.28,3631.31,227800
2015-12-25,3628.0,3635.26,3601.74,3614.05,192500
2015-12-28,3533.78,3641.59,3533.78,3635.77,270000
2015-12-29,3563.74,3564.17,3515.52,3528.4,182600
2015-12-30,3572.88,3573.68,3538.11,3566.73,187900
2015-12-31,3539.18,3580.6,3538.35,3570.47,177000
2016-01-04,3296.26,3538.69,3295.74,3536.59,184400
2016-01-05,3287.71,3328.14,3189.6,3196.65,266900
2016-01-06,3361.84,3362.97,3288.93,3291.2,238900
2016-01-07,3125.0,3309.66,3115.89,3309.66,70600
2016-01-08,3186.41,3235.45,3056.88,3194.62,286400
2016-01-11,3016.7,3166.22,3016.7,3131.85,271600
2016-01-12,3022.86,3047.66,2978.46,3026.16,207700
2016-01-13,2949.6,3059.01,2949.29,3041.11,194300
2016-01-14,3007.65,3012.29,2867.55,2874.05,212900
2016-01-15,2900.97,3001.71,2883.87,2988.05,198700
2016-01-18,2913.84,2945.45,2844.7,2847.54,164700
2016-01-19,3007.74,3012.07,2906.4,2914.41,205300
2016-01-20,2976.69,3016.28,2951.92,2993.01,216500
2016-01-21,2880.48,2998.79,2880.08,2934.39,191700
2016-01-22,2916.56,2931.36,2851.73,2911.11,159800
2016-01-25,2938.51,2955.78,2911.83,2934.08,153000
2016-01-26,2749.78,2911.99,2743.84,2907.72,210800
2016-01-27,2735.56,2768.77,2638.3,2756.08,215700
2016-01-28,2655.66,2740.54,2647.49,2711.16,171100
2016-01-29,2737.6,2755.37,2649.79,2652.85,186700
2016-02-01,2688.85,2735.25,2655.62,2730.98,156400
2016-02-02,2749.57,2755.16,2687.98,2687.98,158100
2016-02-03,2739.25,2746.07,2696.88,2719.57,148400
2016-02-04,2781.02,2793.3,2751.31,2751.43,170400
2016-02-05,2763.49,2790.06,2762.16,2783.08,141200
2016-02-15,2746.2,2760.36,2682.09,2684.96,129300
2016-02-16,2836.57,2840.62,2758.58,2758.58,196000
2016-02-17,2867.34,2868.7,2824.36,2829.76,216900
2016-02-18,2862.89,2893.22,2857.7,2881.78,219200
2016-02-19,2860.02,2872.72,2840.49,2854.9,163400
2016-02-22,2927.18,2933.96,2880.35,2888.6,232200
2016-02-23,2903.33,2928.05,2872.28,2925.71,199700
2016-02-24,2928.9,2929.87,2872.27,2889.89,213400
2016-02-25,2741.25,2922.24,2729.85,2922.24,270300
2016-02-26,2767.21,2784.75,2715.87,2760.06,191100
2016-02-29,2687.98,2755.89,2638.96,2754.81,207400
2016-03-01,2733.17,2747.56,2668.76,2688.38,187200
2016-03-02,2849.68,2852.7,2732.54,2733.77,271000
2016-03-03,2859.76,2878.45,2840.87,2847.33,287500
2016-03-04,2874.15,2880.37,2808.85,2848.54,312500
2016-03-07,2897.34,2911.84,2871.35,2886.64,217500
2016-03-08,2901.39,2902.62,2802.56,2895.67,233500
2016-03-09,2862.56,2863.01,2811.72,2839.41,183400
2016-03-10,2804.73,2863.18,2803.48,2847.57,139000
2016-03-11,2810.31,2815.61,2772.55,2781.6,127200
2016-03-14,2859.5,2889.82,2823.03,2830.08,194800
2016-03-15,2864.37,2865.79,2819.79,2853.98,163400
2016-03-16,2870.43,2881.53,2854.19,2858.71,186500
2016-03-17,2904.83,2921.0,2857.19,2875.41,200300
2016-03-18,2955.15,2971.55,2908.74,2915.52,313300
2016-03-21,3018.8,3028.32,2973.76,2978.46,352400
2016-03-22,2999.36,3019.1,2988.43,3001.63,270400
2016-03-23,3009.96,3012.56,2980.85,2991.17,217000
2016-03-24,2960.97,2998.15,2960.54,2986.8,237000
2016-03-25,2979.13,2981.41,2952.11,2956.2,169800
2016-03-28,2957.82,3008.17,2948.53,2988.01,202000
2016-03-29,2919.83,2962.2,2905.25,2956.71,183000
2016-03-30,3000.65,3001.11,2941.22,2941.22,210400
2016-03-31,3003.92,3023.41,2992.92,3009.37,220400
2016-04-01,3009.53,3009.67,2956.25,2997.09,206500
2016-04-05,3053.06,3057.33,2993.15,3000.94,256700
2016-04-06,3050.59,3059.79,3029.0,3039.75,232300
2016-04-07,3008.42,3062.36,3007.06,3058.34,220900
2016-04-08,2984.96,2996.17,2960.46,2988.2,187900
2016-04-11,3033.96,3048.98,3006.91,3006.91,220000
2016-04-12,3023.65,3036.82,3001.31,3031.3,182700
2016-04-13,3066.64,3097.17,3041.36,3041.36,310000
2016-04-14,3082.36,3086.7,3056.99,3080.09,208200
2016-04-15,3078.12,3089.95,3066.87,3085.03,189600
2016-04-18,3033.66,3058.46,3022.97,3058.46,183300
2016-04-19,3042.82,3054.5,3024.9,3047.13,156500
2016-04-20,2972.58,3055.69,2905.05,3050.38,283100
2016-04-21,2952.89,2990.67,2943.46,2954.37,189400
2016-04-22,2959.24,2960.21,2926.78,2933.03,137200
2016-04-25,2946.67,2954.09,2917.02,2949.97,125900
2016-04-26,2964.7,2965.43,2933.97,2944.72,117700
2016-04-27,2953.67,2976.02,2949.43,2967.19,130900
2016-04-28,2945.59,2959.51,2916.37,2955.74,138700
2016-04-29,2938.32,2950.58,2930.36,2935.38,109300
2016-05-03,2992.64,2993.53,2929.81,2940.39,168700
2016-05-04,2991.27,3004.42,2978.33,2983.03,165400
2016-05-05,2997.84,2999.12,2977.2,2987.02,144800
2016-05-06,2913.25,3003.59,2913.04,2998.4,206800
2016-05-09,2832.11,2896.16,2821.83,2896.16,180400
2016-05-10,2832.59,2845.24,2820.16,2822.33,120800
2016-05-11,2837.04,2857.25,2818.7,2843.54,135800
2016-05-12,2835.86,2839.28,2781.24,2812.11,136300
2016-05-13,2827.11,2850.09,2814.11,2828.46,114300
2016-05-16,2850.86,2851.23,2804.99,2816.77,114700
2016-05-17,2843.68,2860.32,2832.46,2850.93,123400
2016-05-18,2807.51,2828.25,2781.42,2828.18,140500
2016-05-19,2806.91,2829.4,2801.55,2802.31,111600
2016-05-20,2825.48,2825.95,2785.08,2792.89,108700
2016-05-23,2843.65,2848.07,2826.26,2826.31,120500
2016-05-24,2821.67,2839.7,2807.19,2839.68,111500
2016-05-25,2815.09,2843.17,2807.75,2835.03,103500
2016-05-26,2822.44,2827.09,2780.76,2813.54,114800
2016-05-27,2821.05,2832.8,2809.8,2817.97,109800
2016-05-30,2822.45,2830.97,2794.66,2814.65,106300
2016-05-31,2916.62,2917.14,2822.59,2822.59,215300
2016-06-01,2913.51,2929.08,2909.51,2917.15,188400
2016-06-02,2925.23,2925.67,2906.52,2911.22,159700
2016-06-03,2938.68,2945.52,2915.19,2929.79,172000
2016-06-06,2934.1,2945.94,2922.28,2940.99,142000
2016-06-07,2936.04,2938.44,2923.5,2936.28,133000
2016-06-08,2927.16,2937.99,2908.37,2932.38,143000
2016-06-13,2833.07,2911.16,2832.51,2897.27,169300
2016-06-14,2842.19,2843.46,2822.06,2824.23,119800
2016-06-15,2887.21,2894.26,2811.78,2814.69,166700
2016-06-16,2872.82,2887.74,2865.39,2878.4,173900
2016-06-17,2885.1,2900.3,2872.19,2873.01,171500
2016-06-20,2888.81,2891.66,2864.02,2887.64,136600
2016-06-21,2878.56,2919.3,2869.18,2898.38,164400
2016-06-22,2905.55,2905.98,2869.51,2872.73,130600
2016-06-23,2891.96,2904.11,2878.66,2902.4,136100
2016-06-24,2854.29,2899.57,2807.6,2883.76,190800
2016-06-27,2895.7,2895.73,2840.28,2840.56,156700
2016-06-28,2912.56,2913.58,2878.82,2885.01,173900
2016-06-29,2931.59,2934.0,2915.06,2918.53,193200
2016-06-30,2929.61,2938.14,2922.31,2931.48,154500
2016-07-01,2932.48,2944.99,2925.81,2931.8,141200
2016-07-04,2988.6,2992.5,2922.52,2924.29,222000
2016-07-05,3006.39,3010.27,2990.64,2991.75,235200
2016-07-06,3017.29,3017.65,2984.83,2998.52,212400
2016-07-07,3016.85,3024.11,2994.64,3009.35,222700
2016-07-08,2988.09,3001.55,2983.88,3000.33,169000
2016-07-11,2994.92,3022.94,2990.91,2993.75,224300
2016-07-12,3049.38,3049.68,2984.42,2992.52,259500
2016-07-13,3060.69,3069.05,3048.2,3049.51,253700
2016-07-14,3054.02,3057.05,3036.52,3054.98,180200
2016-07-15,3054.3,3062.68,3044.54,3056.68,172900
2016-07-18,3043.56,3058.32,3031.64,3047.64,177500
2016-07-19,3036.6,3043.6,3014.29,3040.23,155400
2016-07-20,3027.9,3043.0,3022.63,3034.71,138200
2016-07-21,3039.01,3053.33,3027.37,3027.6,163800
2016-07-22,3012.82,3039.27,3007.46,3038.12,162000
2016-07-25,3015.83,3027.12,3003.29,3008.09,144200
2016-07-26,3050.17,3050.61,3013.8,3014.04,156700
2016-07-27,2992.0,3057.42,2939.23,3050.37,280200
2016-07-28,2994.32,3003.36,2968.18,2980.5,190600
2016-07-29,2979.34,3000.05,2972.92,2992.54,150100
2016-08-01,2953.39,2972.88,2931.96,2971.95,147400
2016-08-02,2971.28,2971.28,2946.64,2950.08,115500
2016-08-03,2978.46,2981.16,2956.79,2963.22,141100
2016-08-04,2982.43,2982.86,2958.93,2976.41,133900
2016-08-05,2976.7,2991.68,2971.56,2978.78,141900
2016-08-08,3004.28,3004.72,2959.05,2972.62,155700
2016-08-09,3025.68,3025.91,2998.68,3001.31,170000
2016-08-10,3018.75,3033.2,3017.09,3023.47,164700
2016-08-11,3002.64,3038.05,3001.17,3013.68,161900
2016-08-12,3050.67,3051.05,2999.04,3000.27,168200
2016-08-15,3125.2,3137.48,3053.87,3056.48,297600
2016-08-16,3110.04,3140.44,3102.06,3130.53,278300
2016-08-17,3109.55,3114.25,3090.28,3106.99,213800
2016-08-18,3104.11,3125.58,3093.32,3107.75,229400
2016-08-19,3108.1,3113.34,3082.77,3100.39,194300
2016-08-22,3084.8,3112.74,3083.59,3107.38,185400
2016-08-23,3089.71,3101.11,3073.53,3081.57,161400
2016-08-24,3085.88,3097.15,3079.55,3092.02,145700
2016-08-25,3068.33,3073.44,3041.5,3073.44,174000
2016-08-26,3070.31,3087.65,3063.89,3069.85,149700
2016-08-29,3070.03,3074.94,3058.78,3068.46,144500
2016-08-30,3074.68,3082.99,3065.97,3071.44,140400
2016-08-31,3085.49,3087.7,3063.4,3072.92,141400
2016-09-01,3063.3,3088.7,3062.88,3083.96,155200
2016-09-02,3067.35,3072.53,3050.49,3057.5,150400
2016-09-05,3072.09,3085.49,3065.33,3070.71,145000
2016-09-06,3090.71,3095.51,3053.19,3071.05,172900
2016-09-07,3091.93,3105.68,3087.88,3091.33,187000
2016-09-08,3095.95,3096.78,3083.9,3089.95,145900
2016-09-09,3078.85,3101.79,3078.22,3095.43,160700
2016-09-12,3021.98,3040.95,2999.93,3037.51,206000
2016-09-13,3023.51,3029.72,3008.74,3025.03,135400
2016-09-14,3002.85,3017.95,2995.42,3008.9,133400
2016-09-19,3026.05,3026.65,3005.32,3005.32,119200
2016-09-20,3023.0,3027.82,3015.88,3027.17,118900
2016-09-21,3025.87,3032.45,3017.54,3021.58,115700
2016-09-22,3042.31,3054.44,3035.07,3038.42,139300
2016-09-23,3033.9,3046.8,3032.8,3044.79,125600
2016-09-26,2980.43,3028.24,2980.12,3028.24,144300
2016-09-27,2998.17,2998.23,2969.13,2974.59,121700
2016-09-28,2987.86,3000.7,2984.32,3000.7,104600
2016-09-29,2998.48,3009.2,2991.91,2992.17,113200
2016-09-30,3004.7,3009.2,2993.06,2994.25,101300
2016-10-10,3048.14,3048.24,3014.62,3020.46,160100
2016-10-11,3065.25,3066.1,3048.02,3051.62,167300
2016-10-12,3058.5,3060.51,3048.89,3057.32,142500
2016-10-13,3061.35,3065.0,3052.64,3057.97,154800
2016-10-14,3063.81,3064.79,3043.18,3056.99,155400
2016-10-17,3041.17,3068.81,3033.75,3064.69,163700
2016-10-18,3083.88,3084.19,3037.4,3037.4,182000
2016-10-19,3084.72,3096.22,3076.77,3085.75,182500
2016-10-20,3084.46,3089.68,3076.29,3084.91,160700
2016-10-21,3090.94,3101.85,3069.27,3081.39,187400
2016-10-24,3128.25,3137.03,3090.79,3092.05,240500
2016-10-25,3131.94,3132.5,3121.05,3127.97,203400
2016-10-26,3116.31,3129.84,3110.39,3129.84,191700
2016-10-27,3112.35,3114.76,3100.39,3112.6,158000
2016-10-28,3104.27,3128.64,3101.24,3111.7,181800
2016-10-31,3100.49,3102.3,3081.07,3097.19,151500
2016-11-01,3122.44,3122.61,3097.04,3101.66,160200
2016-11-02,3102.73,3118.98,3099.82,3115.73,182700
2016-11-03,3128.94,3140.93,3094.1,3096.76,223000
2016-11-04,3125.32,3141.33,3119.53,3126.35,197700
2016-11-07,3133.33,3139.2,3117.1,3124.89,179400
2016-11-08,3147.89,3156.88,3134.96,3140.94,190800
2016-11-09,3128.37,3146.95,3096.95,3146.08,241100
2016-11-10,3171.28,3172.31,3148.54,3148.54,244200
2016-11-11,3196.04,3202.74,3166.07,3169.4,310900
2016-11-14,3210.37,3221.46,3186.8,3187.71,329600
2016-11-15,3206.99,3214.29,3195.03,3209.96,240900
2016-11-16,3205.06,3210.89,3195.41,3208.5,221800
2016-11-17,3208.45,3211.05,3187.21,3198.5,214200
2016-11-18,3192.86,3212.39,3187.5,3207.19,209800
2016-11-21,3218.15,3229.76,3188.28,3188.5,230700
2016-11-22,3248.35,3249.68,3220.98,3220.98,261600
2016-11-23,3241.14,3262.88,3231.59,3247.95,250000
2016-11-24,3241.74,3257.86,3232.87,3237.43,232300
2016-11-25,3261.94,3262.44,3209.6,3241.24,233900
2016-11-28,3277.0,3288.34,3267.67,3270.05,281600
2016-11-29,3282.92,3301.21,3263.4,3269.23,320800
2016-11-30,3250.03,3277.27,3239.52,3272.14,243600
2016-12-01,3273.31,3279.67,3256.26,3257.03,237800
2016-12-02,3243.84,3279.71,3235.28,3270.12,259600
2016-12-05,3204.71,3219.52,3194.88,3203.78,223000
2016-12-06,3199.65,3215.31,3196.52,3202.03,157600
2016-12-07,3222.24,3222.43,3189.49,3198.48,169100
2016-12-08,3215.37,3228.12,3211.47,3225.55,170700
2016-12-09,3232.88,3244.8,3207.04,3209.34,204000
2016-12-12,3152.97,3245.09,3149.9,3233.67,274700
2016-12-13,3155.04,3162.5,3118.71,3138.99,185200
2016-12-14,3140.53,3170.02,3136.35,3149.38,201400
2016-12-15,3117.68,3138.78,3100.91,3125.76,190000
2016-12-16,3122.98,3128.87,3106.35,3111.51,165000
2016-12-19,3118.08,3125.28,3110.08,3120.7,154200
2016-12-20,3102.88,3117.01,3084.8,3115.9,157400
2016-12-21,3137.43,3140.25,3107.24,3107.24,186700
2016-12-22,3139.56,3143.17,3126.89,3132.16,167800
2016-12-23,3110.15,3138.4,3103.75,3134.93,166200
2016-12-26,3122.57,3122.88,3068.42,3095.58,152600
2016-12-27,3114.66,3127.88,3113.75,3117.39,141500
2016-12-28,3102.24,3118.78,3094.55,3113.77,135700
2016-12-29,3096.1,3111.8,3087.34,3095.84,132600
2016-12-30,3103.64,3108.84,3089.99,3097.34,133300
2017-01-03,3135.92,3136.46,3105.31,3105.31,141600
2017-01-04,3158.79,3160.1,3130.11,3133.79,167900
2017-01-05,3165.41,3168.5,3154.28,3157.91,174700
2017-01-06,3154.32,3172.03,3153.02,3163.78,183700
2017-01-09,3171.24,3173.14,3147.74,3148.53,171700
2017-01-10,3161.67,3174.58,3157.33,3167.57,179800
2017-01-11,3136.75,3167.03,3136.27,3156.69,178400
2017-01-12,3119.29,3144.97,3115.98,3133.6,148900
2017-01-13,3112.76,3130.51,3102.16,3116.08,156300
2017-01-16,3103.43,3105.14,3044.29,3104.49,257900
2017-01-17,3108.77,3108.91,3072.34,3087.03,136200
2017-01-18,3113.01,3123.72,3098.59,3104.77,131800
2017-01-19,3101.3,3115.78,3094.01,3104.97,123900
2017-01-20,3123.14,3125.66,3095.22,3095.82,122400
2017-01-23,3136.77,3145.84,3125.42,3125.42,132700
2017-01-24,3142.55,3149.53,3131.22,3134.59,126000
2017-01-25,3149.55,3151.47,3133.19,3137.65,112100
2017-01-26,3159.17,3163.1,3148.91,3149.22,113900
2017-02-03,3140.17,3162.68,3136.01,3160.08,92200
2017-02-06,3156.98,3158.84,3135.39,3143.09,127200
2017-02-07,3153.09,3159.54,3140.04,3154.41,128300
2017-02-08,3166.98,3167.45,3132.03,3148.09,144900
2017-02-09,3183.18,3186.84,3162.57,3164.69,191600
2017-02-10,3196.7,3205.05,3182.8,3183.01,239300
2017-02-13,3216.84,3219.41,3199.0,3199.0,220200
2017-02-14,3217.93,3219.41,3205.28,3216.14,188800
2017-02-15,3212.99,3236.0,3206.56,3215.46,241500
2017-02-16,3229.62,3230.27,3207.78,3210.36,217000
2017-02-17,3202.08,3238.4,3199.43,3227.71,226200
2017-02-20,3239.96,3241.46,3198.96,3198.96,232200
2017-02-21,3253.33,3254.34,3239.88,3242.22,211700
2017-02-22,3261.22,3261.38,3243.84,3252.69,207500
2017-02-23,3251.38,3264.08,3236.35,3258.83,209200
2017-02-24,3253.43,3253.96,3233.53,3246.86,186400
2017-02-27,3228.66,3251.65,3224.09,3249.2,182600
2017-02-28,3241.73,3242.68,3225.97,3225.97,151200
2017-03-01,3246.93,3259.98,3237.87,3240.07,190700
2017-03-02,3230.03,3256.81,3228.67,3250.52,181200
2017-03-03,3218.31,3221.16,3206.61,3219.2,157100
2017-03-06,3233.87,3234.66,3215.07,3217.33,156100
2017-03-07,3242.41,3242.66,3226.82,3233.09,164100
2017-03-08,3240.67,3245.3,3230.61,3240.53,160700
2017-03-09,3216.75,3233.88,3205.28,3233.7,167400
2017-03-10,3212.76,3222.32,3208.45,3213.73,136700
2017-03-13,3237.02,3237.12,3193.16,3209.45,163700
2017-03-14,3239.33,3246.33,3231.52,3235.25,146900
2017-03-15,3241.76,3243.71,3227.74,3235.4,144100
2017-03-16,3268.94,3269.77,3247.16,3247.16,189400
2017-03-17,3237.45,3274.19,3232.28,3271.87,200600
2017-03-20,3250.81,3251.13,3228.12,3241.11,170500
2017-03-21,3261.61,3262.22,3246.7,3250.25,162700
2017-03-22,3245.22,3255.78,3229.13,3246.22,189700
2017-03-23,3248.55,3262.09,3221.93,3245.81,193000
2017-03-24,3269.45,3275.21,3241.12,3247.35,219800
2017-03-27,3266.96,3283.24,3262.12,3268.92,201900
2017-03-28,3252.95,3265.63,3246.09,3265.63,161700
2017-03-29,3241.31,3262.1,3233.28,3252.86,216100
2017-03-30,3210.24,3240.02,3195.85,3235.14,247100
2017-03-31,3222.51,3226.25,3205.54,3206.25,196400
2017-04-05,3270.3,3270.65,3233.24,3235.66,248300
2017-04-06,3281.0,3286.67,3265.76,3272.19,245300
2017-04-07,3286.62,3295.19,3275.05,3280.62,236100
2017-04-10,3269.39,3285.46,3265.01,3285.46,232700
2017-04-11,3288.97,3290.39,3244.41,3266.22,281300
2017-04-12,3273.83,3284.93,3262.28,3283.84,269400
2017-04-13,3275.96,3281.14,3261.49,3265.22,207300
2017-04-14,3244.48,3276.71,3238.9,3276.14,208100
2017-04-17,3222.17,3229.95,3199.91,3229.95,212700
2017-04-18,3196.71,3225.05,3196.49,3215.4,188700
2017-04-19,3170.69,3189.44,3147.07,3184.67,213200
2017-04-20,3172.1,3178.18,3148.18,3165.67,190900
2017-04-21,3173.15,3180.79,3158.63,3170.29,164800
2017-04-24,3129.53,3164.25,3111.22,3164.25,186300
2017-04-25,3134.57,3145.27,3117.45,3123.89,153400
2017-04-26,3140.85,3152.95,3131.42,3132.92,169900
2017-04-27,3152.19,3155.0,3097.33,3131.35,211800
2017-04-28,3154.66,3154.73,3136.58,3144.02,162900
2017-05-02,3143.71,3154.78,3136.54,3147.23,154200
2017-05-03,3135.35,3148.29,3123.75,3138.31,163800
2017-05-04,3127.37,3143.82,3111.39,3127.11,178000
2017-05-05,3103.04,3117.61,3092.09,3114.77,176200
2017-05-08,3078.61,3093.45,3067.69,3090.06,180500
2017-05-09,3080.53,3084.21,3056.56,3064.85,135100
2017-05-10,3052.78,3090.82,3051.59,3078.17,160800
2017-05-11,3061.5,3063.56,3016.53,3036.79,191300
2017-05-12,3083.51,3090.49,3051.87,3054.11,159700
2017-05-15,3090.23,3098.91,3085.93,3085.93,135700
2017-05-16,3112.96,3113.51,3060.53,3082.87,173800
2017-05-17,3104.44,3119.58,3101.29,3107.8,168700
2017-05-18,3090.14,3103.44,3077.96,3082.33,148600
2017-05-19,3090.63,3095.48,3081.28,3086.71,129600
2017-05-22,3075.68,3103.94,3063.15,3087.17,153700
2017-05-23,3061.95,3084.24,3050.84,3069.39,178300
2017-05-24,3064.08,3064.81,3022.3,3047.57,139800
2017-05-25,3107.83,3114.66,3052.83,3055.34,191400
2017-05-26,3110.06,3120.66,3100.39,3101.29,155900
2017-05-31,3117.18,3143.28,3111.56,3125.32,153000
2017-06-01,3102.62,3113.52,3097.68,3108.42,163000
2017-06-02,3105.54,3110.39,3081.85,3094.23,142500
2017-06-05,3091.66,3105.51,3084.83,3102.11,132600
2017-06-06,3102.13,3102.86,3078.79,3084.54,113400
2017-06-07,3140.32,3140.77,3098.95,3101.76,173200
2017-06-08,3150.33,3153.26,3132.83,3136.47,152300
2017-06-09,3158.4,3165.92,3146.11,3147.45,160100
2017-06-12,3139.88,3164.95,3135.31,3149.53,146700
2017-06-13,3153.74,3155.99,3131.04,3134.01,128300
2017-06-14,3130.67,3149.17,3125.35,3146.75,138300
2017-06-15,3132.49,3137.58,3117.08,3125.59,147000
2017-06-16,3123.17,3134.25,3117.86,3126.37,129700
2017-06-19,3144.37,3146.77,3121.78,3122.16,134900
2017-06-20,3140.01,3150.47,3134.61,3148.02,141200
2017-06-21,3156.21,3157.03,3132.62,3148.99,136700
2017-06-22,3147.45,3186.98,3146.64,3152.24,191300
2017-06-23,3157.87,3158.05,3118.09,3138.44,154800
2017-06-26,3185.44,3187.89,3156.98,3157.0,173600
2017-06-27,3191.2,3193.46,3172.46,3183.42,148200
2017-06-28,3173.2,3193.44,3170.79,3183.63,146500
2017-06-29,3188.06,3188.77,3174.28,3174.98,128800
2017-06-30,3192.43,3193.24,3171.57,3176.95,121500
2017-07-03,3195.91,3196.29,3177.02,3192.0,140300
2017-07-04,3182.8,3193.06,3174.31,3192.89,141100
2017-07-05,3207.13,3207.31,3174.71,3179.22,148300
2017-07-06,3212.44,3215.95,3188.77,3203.86,175800
2017-07-07,3217.96,3219.52,3195.29,3203.82,176700
2017-07-10,3212.63,3223.34,3203.21,3208.46,198900
2017-07-11,3203.04,3226.91,3199.22,3201.52,187800
2017-07-12,3197.54,3215.2,3177.94,3201.93,186900
2017-07-13,3218.16,3219.27,3190.34,3192.36,195300
2017-07-14,3222.42,3222.98,3204.85,3212.03,160100
2017-07-17,3176.47,3230.35,3139.5,3219.79,266200
2017-07-18,3187.57,3187.67,3150.13,3159.73,190600
2017-07-19,3230.98,3232.94,3179.73,3181.4,272400
2017-07-20,3244.86,3246.24,3225.43,3227.51,232100
2017-07-21,3237.98,3247.71,3231.96,3236.59,206000
2017-07-24,3250.6,3261.1,3230.07,3230.9,233100
2017-07-25,3243.69,3261.65,3233.14,3249.14,205600
2017-07-26,3247.68,3264.85,3228.04,3244.46,213500
2017-07-27,3249.78,3251.93,3220.64,3243.76,228500
2017-07-28,3253.24,3256.37,3232.96,3240.17,182200
2017-07-31,3273.03,3276.95,3251.19,3252.75,246000
2017-08-01,3292.64,3292.64,3273.5,3274.37,237200
2017-08-02,3285.06,3305.43,3282.04,3288.52,266700
2017-08-03,3272.93,3293.37,3262.16,3279.99,233300
2017-08-04,3262.08,3287.19,3261.31,3269.32,275900
2017-08-07,3279.46,3280.1,3243.72,3257.67,231200
2017-08-08,3281.87,3285.48,3269.66,3277.19,252000
2017-08-09,3275.57,3277.94,3263.85,3277.81,235600
2017-08-10,3261.75,3282.52,3236.18,3269.74,240700
2017-08-11,3208.54,3245.12,3200.75,3237.92,263000
2017-08-14,3237.36,3240.05,3206.04,3206.04,190300
2017-08-15,3251.26,3263.59,3235.1,3235.23,182300
2017-08-16,3246.45,3248.78,3228.87,3247.85,176900
2017-08-17,3268.43,3269.14,3251.46,3253.85,203600
2017-08-18,3268.72,3275.08,3248.08,3253.24,191100
2017-08-21,3286.91,3287.52,3270.48,3274.58,186100
2017-08-22,3290.23,3293.48,3274.94,3287.61,186500
2017-08-23,3287.71,3299.46,3274.44,3283.8,179800
2017-08-24,3271.51,3297.99,3266.36,3287.96,163500
2017-08-25,3331.52,3331.92,3271.46,3271.46,205800
2017-08-28,3362.65,3375.03,3336.13,3336.13,257500
2017-08-29,3365.23,3374.59,3354.46,3362.06,219500
2017-08-30,3363.63,3376.65,3357.08,3361.82,246900
2017-08-31,3360.81,3367.36,3340.69,3361.46,234400
2017-09-01,3367.12,3381.93,3358.47,3365.99,282500
2017-09-04,3379.84,3381.4,3359.13,3369.72,259400
2017-09-05,3384.32,3390.82,3371.57,3377.2,216600
2017-09-06,3385.39,3391.01,3364.76,3372.43,229100
2017-09-07,3365.5,3387.8,3363.18,3383.63,221100
2017-09-08,3365.24,3380.89,3353.69,3364.43,198400
2017-09-11,3376.42,3384.81,3360.05,3365.35,219000
2017-09-12,3379.49,3391.07,3370.85,3381.49,272900
2017-09-13,3384.15,3387.14,3366.54,3374.72,194600
2017-09-14,3371.43,3391.64,3361.33,3383.47,221300
2017-09-15,3353.62,3365.53,3345.33,3365.15,219800
2017-09-18,3362.86,3371.75,3352.51,3352.51,190300
2017-09-19,3356.84,3370.4,3344.71,3365.53,191100
2017-09-20,3366.0,3370.1,3346.54,3352.19,192200
2017-09-21,3357.81,3377.88,3356.88,3364.7,197400
2017-09-22,3352.53,3356.45,3334.99,3347.16,179200
2017-09-25,3341.55,3350.96,3334.94,3344.59,169600
2017-09-26,3343.58,3347.16,3332.6,3336.35,132600
2017-09-27,3345.27,3349.7,3340.3,3340.82,143100
2017-09-28,3339.64,3344.6,3336.18,3343.84,149400
2017-09-29,3348.94,3357.01,3340.31,3340.31,144900
2017-10-09,3374.38,3410.17,3366.97,3403.25,191700
2017-10-10,3382.99,3384.03,3358.79,3373.34,179400
2017-10-11,3388.28,3395.78,3379.16,3381.49,181500
2017-10-12,3386.1,3390.2,3372.53,3385.53,161800
2017-10-13,3390.52,3395.75,3383.24,3384.49,140000
2017-10-16,3378.47,3400.51,3374.77,3393.21,174300
2017-10-17,3372.04,3382.41,3365.56,3373.23,125400
2017-10-18,3381.79,3383.23,3371.93,3373.53,157200
2017-10-19,3370.17,3378.74,3359.63,3374.64,158500
2017-10-20,3378.65,3379.76,3360.1,3363.51,127200
2017-10-23,3380.7,3385.28,3374.71,3382.28,130800
2017-10-24,3388.25,3388.69,3374.12,3376.6,139900
2017-10-25,3396.9,3398.3,3382.03,3384.86,123100
2017-10-26,3407.57,3414.24,3391.46,3397.52,183800
2017-10-27,3416.81,3421.1,3402.11,3404.5,170300
2017-10-30,3390.34,3419.73,3357.28,3413.87,208300
2017-10-31,3393.34,3397.1,3376.12,3381.0,153500
2017-11-01,3395.91,3410.35,3388.6,3393.97,180600
2017-11-02,3383.31,3391.65,3372.21,3391.65,166900
2017-11-03,3371.74,3380.57,3347.36,3377.74,172700
2017-11-06,3388.17,3389.38,3356.53,3369.69,154600
2017-11-07,3413.57,3415.15,3387.95,3389.47,190600
2017-11-08,3415.46,3434.49,3404.88,3409.15,185400
2017-11-09,3427.79,3428.77,3408.62,3410.67,158700
2017-11-10,3432.67,3438.79,3414.33,3423.19,189300
2017-11-13,3447.84,3449.16,3435.08,3435.18,205400
2017-11-14,3429.55,3450.5,3419.69,3446.54,196500
2017-11-15,3402.52,3423.75,3396.38,3416.21,168800
2017-11-16,3399.25,3409.65,3390.59,3393.19,156700
2017-11-17,3382.91,3403.29,3373.3,3392.68,249500
2017-11-20,3392.4,3393.11,3337.12,3361.36,176500
2017-11-21,3410.5,3419.8,3377.6,3382.36,196900
2017-11-22,3430.46,3442.18,3404.29,3417.33,213600
2017-11-23,3352.99,3429.42,3342.33,3425.01,208800
2017-11-24,3353.82,3360.75,3328.33,3340.38,159600
2017-11-27,3322.23,3347.05,3315.26,3346.66,166400
2017-11-28,3333.66,3333.8,3300.78,3311.23,138200
2017-11-29,3337.86,3343.06,3305.57,3335.57,183800
2017-11-30,3317.19,3340.92,3306.28,3328.64,156600
2017-12-01,3317.62,3324.52,3302.44,3315.1,139200
2017-12-04,3309.62,3324.0,3304.1,3310.38,148100
2017-12-05,3303.68,3315.74,3300.51,3301.69,208300
2017-12-06,3293.97,3296.2,3254.61,3291.31,151600
2017-12-07,3272.05,3291.28,3259.16,3283.28,132100
2017-12-08,3289.99,3297.13,3258.76,3264.48,133200
2017-12-11,3322.2,3322.67,3288.29,3290.49,132000
2017-12-12,3280.81,3320.31,3280.33,3320.31,124600
2017-12-13,3303.04,3304.01,3273.32,3278.4,112000
2017-12-14,3292.44,3309.53,3282.57,3302.93,120500
2017-12-15,3266.14,3287.53,3259.39,3287.53,130900
2017-12-18,3267.92,3280.54,3254.18,3268.03,120700
2017-12-19,3296.54,3296.94,3266.02,3266.02,115100
2017-12-20,3287.61,3300.21,3276.12,3296.74,137700
2017-12-21,3300.06,3309.22,3267.4,3281.12,142100
2017-12-22,3297.06,3307.33,3293.44,3297.69,124000
2017-12-25,3280.84,3312.3,3270.44,3296.21,142500
2017-12-26,3306.12,3307.3,3274.33,3277.84,142400
2017-12-27,3275.78,3307.08,3270.35,3302.46,162700
2017-12-28,3296.39,3304.1,3263.73,3272.29,175400
2017-12-29,3307.17,3308.23,3292.77,3295.25,141600
2018-01-02,3348.33,3349.05,3314.03,3314.03,202300
2018-01-03,3369.11,3379.92,3345.29,3347.74,213800
2018-01-04,3385.71,3392.83,3365.29,3371.0,207000
2018-01-05,3391.75,3402.07,3380.25,3386.46,213100
2018-01-08,3409.48,3412.73,3384.56,3391.55,236200
2018-01-09,3413.9,3417.23,3403.59,3406.11,191500
2018-01-10,3421.83,3430.21,3398.84,3414.11,209100
2018-01-11,3425.34,3426.48,3405.64,3415.58,173800
2018-01-12,3428.94,3435.42,3417.98,3423.88,174100
2018-01-15,3410.49,3442.5,3402.31,3428.95,232000
2018-01-16,3436.59,3437.58,3401.96,3403.47,211500
2018-01-17,3444.67,3465.21,3430.51,3438.58,261000
2018-01-18,3474.75,3476.55,3448.79,3449.88,220000
2018-01-19,3487.86,3498.43,3474.29,3481.62,247500
2018-01-22,3501.36,3503.39,3475.67,3476.99,217500
2018-01-23,3546.5,3547.22,3504.34,3504.34,238700
2018-01-24,3559.47,3569.49,3527.11,3553.48,253000
2018-01-25,3548.31,3571.48,3528.03,3555.17,243400
2018-01-26,3558.13,3574.91,3534.2,3535.49,222700
2018-01-29,3523.0,3587.03,3510.27,3563.64,236000
2018-01-30,3488.01,3523.05,3484.66,3511.5,186400
2018-01-31,3480.83,3495.45,3454.73,3470.51,207300
2018-02-01,3446.98,3495.09,3424.42,3478.67,260500
2018-02-02,3462.08,3463.16,3388.86,3419.23,208100
2018-02-05,3487.5,3487.72,3406.24,3411.67,217700
2018-02-06,3370.65,3440.12,3364.22,3418.01,280600
2018-02-07,3309.26,3425.54,3304.01,3412.74,260900
2018-02-08,3262.05,3307.16,3225.71,3281.05,201300
2018-02-09,3129.85,3180.11,3062.74,3172.85,256400
2018-02-12,3154.12,3168.13,3113.6,3128.37,153300
2018-02-13,3184.96,3219.22,3176.11,3176.11,151500
2018-02-14,3199.16,3203.5,3171.38,3188.25,100300
2018-02-22,3268.56,3269.92,3234.11,3237.57,138700
2018-02-23,3289.02,3294.13,3258.49,3275.43,145800
2018-02-26,3329.57,3335.99,3281.61,3307.29,188600
2018-02-27,3292.07,3328.67,3284.63,3328.67,174200
2018-02-28,3259.41,3277.83,3239.84,3264.06,151000
2018-03-01,3273.75,3280.15,3228.58,3235.09,159100
2018-03-02,3254.53,3269.94,3242.27,3248.45,150900
2018-03-05,3256.93,3269.4,3236.72,3255.87,144800
2018-03-06,3289.64,3290.25,3243.65,3266.49,195400
2018-03-07,3271.67,3308.41,3264.76,3288.86,168700
2018-03-08,3288.41,3289.5,3261.55,3268.35,149800
2018-03-09,3307.17,3309.72,3283.56,3291.43,168400
2018-03-12,3326.7,3333.56,3313.55,3319.21,206500
2018-03-13,3310.24,3333.88,3307.38,3324.12,177100
2018-03-14,3291.38,3304.98,3287.36,3298.67,157500
2018-03-15,3291.11,3297.1,3273.2,3277.51,148600
2018-03-16,3269.88,3300.56,3269.28,3290.21,141200
2018-03-19,3279.25,3280.57,3251.05,3264.93,138000
2018-03-20,3290.64,3292.57,3252.43,3257.22,139900
2018-03-21,3280.95,3314.21,3268.88,3299.73,168400
2018-03-22,3263.48,3288.8,3242.76,3281.26,150400
2018-03-23,3152.76,3188.24,3110.66,3172.77,275500
2018-03-26,3133.72,3134.28,3091.46,3117.32,186400
2018-03-27,3166.65,3172.78,3143.57,3164.8,189100
2018-03-28,3122.29,3165.21,3117.53,3130.57,163500
2018-03-29,3160.53,3174.51,3098.25,3127.26,170300
2018-03-30,3168.9,3177.72,3152.89,3161.79,154600
2018-04-02,3163.18,3192.34,3159.99,3169.78,177700
2018-04-03,3136.63,3144.33,3119.13,3130.01,152200
2018-04-04,3131.11,3163.34,3128.87,3147.05,147000
2018-04-09,3138.29,3146.09,3110.3,3125.44,139600
2018-04-10,3190.32,3190.65,3139.08,3144.26,168200
2018-04-11,3208.08,3220.84,3191.59,3197.37,175900
2018-04-12,3180.16,3205.25,3177.05,3203.28,148200
2018-04-13,3159.05,3197.9,3155.51,3192.04,127600
2018-04-16,3110.65,3153.11,3096.1,3152.89,154400
2018-04-17,3066.8,3118.76,3064.03,3112.98,147200
2018-04-18,3091.4,3096.89,3041.62,3091.91,159300
2018-04-19,3117.38,3127.44,3090.29,3094.27,160100
2018-04-20,3071.54,3111.17,3065.92,3105.46,155100
2018-04-23,3068.01,3085.06,3045.94,3063.44,131700
2018-04-24,3128.93,3136.04,3069.75,3069.75,162300
2018-04-25,3117.97,3122.91,3107.0,3112.4,127300
2018-04-26,3075.03,3121.93,3067.93,3119.5,134000
2018-04-27,3082.23,3088.03,3049.91,3082.42,131200
2018-05-02,3081.18,3097.6,3064.76,3087.41,134200
2018-05-03,3100.86,3105.66,3056.16,3074.52,140000
2018-05-04,3091.03,3104.09,3086.78,3093.12,118700
2018-05-07,3136.65,3136.84,3091.66,3094.9,138900
2018-05-08,3161.5,3169.7,3134.06,3135.3,146900
2018-05-09,3159.15,3165.37,3145.66,3160.14,122600
2018-05-10,3174.41,3176.14,3155.53,3169.05,133000
2018-05-11,3163.26,3180.76,3162.21,3179.8,130700
2018-05-14,3174.03,3183.82,3163.48,3167.04,129300
2018-05-15,3192.12,3192.81,3164.52,3180.43,124500
2018-05-16,3169.56,3191.95,3166.81,3180.23,130500
2018-05-17,3154.28,3172.77,3148.62,3170.01,114000
2018-05-18,3193.3,3193.45,3144.78,3151.08,136500
2018-05-21,3213.84,3219.74,3203.34,3206.18,164500
2018-05-22,3214.35,3214.59,3192.23,3211.25,144300
2018-05-23,3168.96,3205.44,3168.96,3205.44,157800
2018-05-24,3154.65,3173.53,3152.07,3167.94,124100
2018-05-25,3141.3,3156.73,3131.07,3148.41,128600
2018-05-28,3135.08,3149.67,3115.96,3136.81,128800
2018-05-29,3120.46,3143.21,3112.15,3129.62,135700
2018-05-30,3041.44,3085.4,3041.0,3081.14,155100
2018-05-31,3095.47,3098.08,3054.27,3061.83,140500
2018-06-01,3075.14,3102.09,3059.79,3084.75,129900
2018-06-04,3091.19,3098.4,3076.99,3083.43,114600
2018-06-05,3114.21,3114.77,3080.05,3088.01,118700
2018-06-06,3115.18,3117.52,3103.53,3109.18,120200
2018-06-07,3109.5,3128.72,3105.58,3121.18,127800
2018-06-08,3067.15,3100.69,3053.29,3100.6,134700
2018-06-11,3052.78,3063.61,3037.91,3057.34,108600
2018-06-12,3079.8,3081.45,3034.1,3053.03,113300
2018-06-13,3049.8,3071.46,3044.12,3071.46,119600
2018-06-14,3044.16,3066.05,3032.41,3038.07,115500
2018-06-15,3021.9,3048.8,3008.73,3037.45,144500
2018-06-19,2907.82,2984.97,2871.35,2982.65,230600
2018-06-20,2915.73,2925.56,2872.16,2889.98,144300
2018-06-21,2875.81,2940.59,2872.62,2912.0,154400
2018-06-22,2889.76,2891.97,2837.14,2855.58,126100
2018-06-25,2859.34,2908.62,2857.87,2903.45,121900
2018-06-26,2844.51,2850.24,2803.78,2830.0,125900
2018-06-27,2813.18,2854.26,2798.8,2842.4,129400
2018-06-28,2786.9,2825.99,2782.45,2799.9,118400
2018-06-29,2847.42,2848.37,2782.38,2789.81,125700
2018-07-02,2775.56,2845.68,2756.81,2841.58,137000
2018-07-03,2786.89,2786.89,2722.45,2774.57,142500
2018-07-04,2759.13,2793.18,2754.16,2776.63,123300
2018-07-05,2733.88,2777.52,2727.94,2755.34,129200
2018-07-06,2747.23,2768.87,2691.02,2731.35,136300
2018-07-09,2815.11,2815.79,2752.45,2752.45,121500
2018-07-10,2827.62,2828.49,2800.62,2819.71,117100
2018-07-11,2777.77,2794.36,2752.44,2780.7,126800
2018-07-12,2837.66,2844.19,2771.04,2771.04,147000
2018-07-13,2831.18,2835.46,2818.85,2831.43,117700
2018-07-16,2814.04,2837.51,2804.49,2827.08,107800
2018-07-17,2798.13,2806.92,2774.76,2806.89,105400
2018-07-18,2787.26,2818.4,2786.04,2801.78,121000
2018-07-19,2772.54,2805.01,2764.49,2791.02,114500
2018-07-20,2829.27,2837.86,2753.84,2769.75,145900
2018-07-23,2859.54,2863.57,2809.62,2815.2,173400
2018-07-24,2905.56,2911.47,2862.27,2862.27,229600
2018-07-25,2903.65,2912.31,2894.04,2911.45,167800
2018-07-26,2882.23,2915.3,2875.7,2905.79,168400
2018-07-27,2873.59,2889.69,2864.11,2879.69,146400
2018-07-30,2869.05,2896.01,2850.3,2871.94,151700
2018-07-31,2876.4,2884.68,2854.32,2866.9,118900
2018-08-01,2824.53,2897.4,2823.93,2882.51,149500
2018-08-02,2768.02,2815.34,2726.48,2815.34,174200
2018-08-03,2740.44,2777.66,2740.43,2763.4,127000
2018-08-06,2705.16,2760.47,2692.32,2736.53,129800
2018-08-07,2779.37,2779.37,2696.04,2711.74,149600
2018-08-08,2744.07,2779.91,2741.07,2771.13,147700
2018-08-09,2794.38,2801.66,2726.22,2729.58,151700
2018-08-10,2795.31,2806.11,2777.51,2791.4,121500
2018-08-13,2785.87,2789.8,2742.56,2769.02,127500
2018-08-14,2780.97,2789.44,2766.57,2780.74,109600
2018-08-15,2723.26,2777.7,2721.24,2777.25,116200
2018-08-16,2705.19,2732.95,2672.74,2691.43,120300
2018-08-17,2668.97,2730.33,2665.59,2723.89,112400
2018-08-20,2698.47,2698.47,2653.11,2673.07,110800
2018-08-21,2733.83,2739.17,2696.29,2700.34,113600
2018-08-22,2714.61,2731.96,2709.06,2731.96,93700
2018-08-23,2724.62,2736.01,2700.8,2714.87,98400
2018-08-24,2729.43,2748.82,2705.32,2717.08,100500
2018-08-27,2780.9,2780.9,2736.32,2736.32,132800
2018-08-28,2777.98,2791.39,2769.4,2782.29,118700
2018-08-29,2769.29,2778.54,2762.35,2774.86,100200
2018-08-30,2737.74,2780.53,2736.35,2769.33,106100
2018-08-31,2725.25,2744.63,2710.54,2730.11,109800
2018-09-03,2720.73,2722.85,2692.36,2716.4,102200
2018-09-04,2750.58,2756.61,2712.38,2720.65,109000
2018-09-05,2704.34,2745.47,2704.34,2741.38,105000
2018-09-06,2691.59,2719.41,2683.75,2697.58,99000
2018-09-07,2702.3,2728.55,2683.72,2696.68,107500
2018-09-10,2669.49,2703.43,2667.32,2698.01,103600
2018-09-11,2664.8,2680.57,2652.7,2668.49,99900
2018-09-12,2656.11,2672.07,2647.17,2659.74,90000
2018-09-13,2686.58,2689.06,2653.19,2679.21,107300
2018-09-14,2681.64,2694.92,2675.29,2688.78,100000
2018-09-17,2651.79,2671.29,2647.92,2671.29,88200
2018-09-18,2699.95,2700.19,2644.3,2644.3,115800
2018-09-19,2730.85,2746.08,2690.99,2694.8,141600
2018-09-20,2729.24,2743.97,2724.08,2732.17,111400
2018-09-21,2797.49,2797.49,2722.03,2733.87,158000
2018-09-25,2781.14,2790.03,2771.16,2775.07,112000
2018-09-26,2806.81,2827.34,2783.34,2785.32,139600
2018-09-27,2791.77,2810.51,2786.32,2805.79,124000
2018-09-28,2821.35,2821.75,2791.84,2794.26,134300
2018-10-08,2716.51,2771.94,2710.18,2768.21,149500
2018-10-09,2721.01,2734.31,2711.2,2713.73,116800
2018-10-10,2725.84,2743.55,2703.06,2723.72,113500
2018-10-11,2583.46,2661.29,2560.32,2643.07,197200
2018-10-12,2606.91,2615.92,2536.67,2574.04,170100
2018-10-15,2568.1,2611.97,2564.74,2605.91,118600
2018-10-16,2546.33,2597.72,2536.44,2567.76,119400
2018-10-17,2561.61,2582.55,2517.57,2574.31,130000
2018-10-18,2486.42,2544.91,2485.62,2544.91,125400
2018-10-19,2550.47,2553.39,2449.2,2460.08,147300
2018-10-22,2654.88,2675.41,2565.64,2565.64,211900
2018-10-23,2594.83,2659.81,2583.26,2652.65,178300
2018-10-24,2603.29,2640.4,2577.77,2579.97,160100
2018-10-25,2603.8,2606.1,2531.53,2540.94,162000
2018-10-26,2598.85,2626.12,2580.84,2610.9,158900
2018-10-29,2542.1,2595.54,2529.19,2593.59,134200
2018-10-30,2568.05,2586.92,2521.78,2538.57,166700
2018-10-31,2602.78,2612.92,2567.03,2573.01,180600
2018-11-01,2606.24,2636.8,2603.65,2617.03,200900
2018-11-02,2676.48,2676.48,2628.87,2649.25,225000
2018-11-05,2665.43,2673.19,2639.27,2665.43,193800
2018-11-06,2659.36,2660.86,2635.32,2660.72,163700
2018-11-07,2641.34,2675.68,2639.25,2659.84,173200
2018-11-08,2635.63,2662.37,2632.3,2660.09,159600
2018-11-09,2598.87,2621.24,2598.16,2621.24,152400
2018-11-12,2630.52,2631.17,2590.21,2593.2,175000
2018-11-13,2654.88,2666.49,2597.35,2600.5,249300
2018-11-14,2632.24,2658.31,2627.96,2648.31,238400
2018-11-15,2668.17,2668.17,2631.89,2632.14,207800
2018-11-16,2679.11,2695.57,2657.03,2669.78,242200
2018-11-19,2703.51,2703.51,2674.18,2681.9,231700
2018-11-20,2645.85,2690.83,2643.36,2684.29,215900
2018-11-21,2651.5,2653.8,2617.78,2619.82,182600
2018-11-22,2645.43,2658.0,2634.48,2655.9,149300
2018-11-23,2579.48,2642.04,2577.35,2640.67,191500
2018-11-26,2575.81,2595.0,2568.03,2580.84,134300
2018-11-27,2574.68,2592.53,2566.17,2585.83,123700
2018-11-28,2601.74,2601.96,2561.56,2575.45,146000
2018-11-29,2567.44,2617.55,2567.44,2613.78,157200
2018-11-30,2588.19,2590.21,2555.32,2564.56,139300
2018-12-03,2654.8,2665.3,2629.18,2647.13,207500
2018-12-04,2665.96,2666.08,2644.9,2651.56,167900
2018-12-05,2649.8,2660.39,2625.91,2629.83,154500
2018-12-06,2605.18,2633.68,2603.13,2629.82,141700
2018-12-07,2605.89,2614.58,2599.28,2609.34,109100
2018-12-10,2584.58,2599.76,2576.24,2589.19,113200
2018-12-11,2594.09,2596.15,2583.2,2587.01,101300
2018-12-12,2602.15,2610.01,2595.07,2608.11,103500
2018-12-13,2634.05,2645.84,2599.46,2607.14,150700
2018-12-14,2593.74,2629.16,2593.74,2627.28,145900
2018-12-17,2597.97,2598.97,2573.87,2587.26,117400
2018-12-18,2576.65,2599.15,2563.57,2583.63,117000
2018-12-19,2549.56,2579.87,2547.08,2578.68,107700
2018-12-20,2536.27,2554.86,2516.02,2544.5,120600
2018-12-21,2516.25,2527.42,2498.69,2526.55,115700
2018-12-24,2527.01,2529.44,2500.44,2506.74,97300
2018-12-25,2504.82,2513.96,2462.84,2503.95,136500
2018-12-26,2498.29,2513.83,2492.08,2501.12,108800
2018-12-27,2483.09,2532.0,2483.09,2527.72,135400
2018-12-28,2493.9,2505.11,2478.32,2483.62,119200
2019-01-02,2465.29,2500.28,2456.42,2497.88,109900
2019-01-03,2464.36,2488.48,2455.93,2461.78,124400
2019-01-04,2514.87,2515.32,2440.91,2446.02,168900
2019-01-07,2533.09,2536.98,2515.51,2528.7,177300
2019-01-08,2526.46,2531.34,2520.17,2530.3,158100
2019-01-09,2544.34,2574.41,2536.16,2536.42,191900
2019-01-10,2535.1,2551.83,2531.66,2543.85,159900
2019-01-11,2553.83,2554.79,2533.36,2539.55,149400
2019-01-14,2535.76,2556.29,2533.01,2553.33,144800
2019-01-15,2570.34,2571.5,2532.43,2537.37,160300
2019-01-16,2570.42,2574.24,2563.01,2569.07,149300
2019-01-17,2559.64,2582.56,2557.71,2573.58,162500
2019-01-18,2596.01,2598.88,2565.9,2567.74,190800
2019-01-21,2610.51,2618.98,2599.06,2599.06,163400
2019-01-22,2579.7,2609.64,2573.06,2609.64,152500
2019-01-23,2581.0,2589.51,2572.41,2575.26,131400
2019-01-24,2591.69,2597.29,2569.7,2584.65,154000
2019-01-25,2601.72,2617.0,2595.63,2596.26,159400
2019-01-28,2596.98,2630.32,2591.1,2615.71,147000
2019-01-29,2594.25,2601.74,2559.98,2592.35,155600
2019-01-30,2575.58,2598.81,2575.41,2584.75,120500
2019-01-31,2584.57,2606.63,2571.58,2581.33,154300
2019-02-01,2618.23,2618.48,2590.55,2597.78,132000
2019-02-11,2653.9,2654.1,2613.17,2613.17,154900
2019-02-12,2671.89,2674.48,2648.83,2654.03,184100
2019-02-13,2721.07,2727.07,2666.52,2674.52,243800
2019-02-14,2719.7,2729.46,2707.49,2715.54,197000
2019-02-15,2682.39,2715.63,2679.78,2712.79,196000
2019-02-18,2754.36,2754.36,2699.82,2699.82,260400
2019-02-19,2755.65,2780.78,2737.59,2759.5,288000
2019-02-20,2761.22,2767.41,2739.98,2761.06,246000
2019-02-21,2751.8,2794.01,2744.98,2759.94,298600
2019-02-22,2804.23,2804.23,2736.33,2749.46,301500
2019-02-25,2961.28,2961.79,2838.39,2838.39,528700
2019-02-26,2941.52,2995.68,2938.62,2969.1,565600
2019-02-27,2953.82,2997.49,2924.64,2939.93,475000
2019-02-28,2940.95,2965.3,2930.2,2950.05,350200
2019-03-01,2994.0,2994.0,2930.83,2954.4,345800
2019-03-04,3027.58,3090.8,3006.94,3015.94,525600
2019-03-05,3054.25,3054.96,3009.45,3019.88,424100
2019-03-06,3102.1,3103.82,3050.11,3060.43,555000
2019-03-07,3106.42,3129.94,3074.98,3103.67,583800
2019-03-08,2969.86,3075.05,2969.58,3038.34,577900
2019-03-11,3026.99,3028.25,2963.58,2969.08,426200
2019-03-12,3060.31,3093.39,3029.9,3049.08,511200
2019-03-13,3026.95,3065.29,3013.93,3062.33,453200
2019-03-14,2990.69,3041.16,2968.82,3013.6,373100
2019-03-15,3021.75,3048.12,2999.43,3000.88,341200
2019-03-18,3096.42,3096.42,3009.51,3027.8,397800
2019-03-19,3090.98,3113.43,3076.36,3099.9,350900
2019-03-20,3090.64,3102.52,3053.45,3084.17,358600
2019-03-21,3101.46,3125.02,3086.85,3094.12,414300
2019-03-22,3104.15,3107.27,3064.88,3100.73,364800
2019-03-25,3043.03,3087.0,3041.95,3058.8,380300
2019-03-26,2997.09,3062.69,2988.49,3057.56,353500
2019-03-27,3022.72,3022.76,2987.77,3012.26,291400
2019-03-28,2994.94,3025.78,2991.78,3009.8,288100
2019-03-29,3090.76,3093.03,2999.99,3000.68,375100
2019-04-01,3170.36,3176.62,3111.66,3111.66,466100
2019-04-02,3176.82,3193.27,3164.91,3183.27,447100
2019-04-03,3216.29,3219.26,3152.33,3159.15,430500
2019-04-04,3246.57,3254.14,3216.85,3233.69,469100
2019-04-08,3244.81,3288.45,3210.51,3271.27,504500
2019-04-09,3239.66,3251.65,3215.71,3240.39,364200
2019-04-10,3241.93,3264.78,3204.88,3224.65,380100
2019-04-11,3189.96,3254.13,3185.55,3241.55,353000
2019-04-12,3188.63,3199.28,3168.04,3184.86,289800
2019-04-15,3177.79,3253.98,3177.27,3233.46,348800
2019-04-16,3253.6,3253.6,3153.21,3164.4,357900
2019-04-17,3263.12,3275.33,3239.8,3250.15,357500
2019-04-18,3250.2,3271.39,3241.83,3261.07,325500
2019-04-19,3270.8,3274.33,3226.81,3250.15,305700
2019-04-22,3215.04,3279.49,3206.88,3278.49,353200
2019-04-23,3198.59,3231.58,3186.76,3211.87,328400
2019-04-24,3201.61,3210.65,3156.61,3203.56,274900
2019-04-25,3123.83,3193.75,3123.03,3190.58,325900
2019-04-26,3086.4,3129.21,3085.8,3108.16,280900
2019-05-06,2906.46,2986.54,2876.47,2984.73,327000
2019-05-07,2926.39,2937.28,2889.07,2914.29,253300
2019-05-08,2893.76,2929.43,2866.7,2873.14,231500
2019-05-09,2850.95,2888.86,2845.04,2871.2,200000
2019-05-10,2939.21,2941.45,2838.39,2878.23,282300
2019-05-13,2903.71,2921.41,2892.18,2905.07,212000
2019-05-14,2883.61,2909.2,2872.83,2872.83,208300
2019-05-15,2938.68,2945.4,2902.64,2902.64,230500
2019-05-16,2955.71,2956.17,2929.06,2933.5,248400
2019-05-17,2882.3,2956.78,2873.8,2955.77,266300
2019-05-20,2870.6,2882.63,2838.45,2874.8,209500
2019-05-21,2905.97,2919.24,2862.5,2867.71,211400
2019-05-22,2891.71,2912.4,2879.64,2905.52,200000
2019-05-23,2852.51,2885.14,2846.96,2880.84,197300
2019-05-24,2853.0,2871.86,2846.02,2847.84,167200
2019-05-27,2892.38,2898.13,2833.04,2851.28,196700
2019-05-28,2909.91,2924.04,2887.08,2890.27,223300
2019-05-29,2914.7,2934.98,2890.67,2894.83,199000
2019-05-30,2905.8,2907.85,2881.38,2903.43,205800
2019-05-31,2898.7,2922.91,2895.58,2904.5,195200
2019-06-03,2890.08,2920.83,2875.9,2901.74,215900
2019-06-04,2862.28,2888.39,2851.97,2887.64,188500
2019-06-05,2861.42,2888.77,2858.57,2882.94,181600
2019-06-06,2827.8,2862.33,2822.19,2862.33,177100
2019-06-10,2852.13,2861.13,2824.35,2833.01,166600
2019-06-11,2925.72,2927.43,2854.07,2854.07,260500
2019-06-12,2909.38,2924.7,2903.88,2917.22,240300
2019-06-13,2910.74,2918.42,2885.92,2905.29,213000
2019-06-14,2881.97,2924.32,2879.66,2913.0,215400
2019-06-17,2887.62,2902.48,2877.39,2880.42,154000
2019-06-18,2890.16,2898.33,2874.31,2891.09,147700
2019-06-19,2917.8,2953.34,2916.22,2944.11,230800
2019-06-20,2987.12,2997.39,2915.09,2917.33,291000
2019-06-21,3001.98,3010.35,2989.25,2990.37,287000
2019-06-24,3008.15,3012.83,2994.42,3004.29,210500
2019-06-25,2982.07,3004.91,2948.99,3004.91,243700
2019-06-26,2976.28,2986.91,2958.46,2964.61,174400
2019-06-27,2996.79,3011.54,2981.04,2982.61,195400
2019-06-28,2978.88,2992.24,2961.22,2992.24,181400
2019-07-01,3044.9,3045.37,3014.69,3024.62,243300
2019-07-02,3043.94,3048.48,3033.78,3042.58,208100
2019-07-03,3015.26,3031.83,3006.32,3031.83,205900
2019-07-04,3005.25,3024.5,2991.91,3015.68,188600
2019-07-05,3011.06,3014.85,2990.93,3004.74,152100
2019-07-08,2933.36,2997.81,2918.72,2997.81,205200
2019-07-09,2928.23,2937.76,2912.81,2928.82,140700
2019-07-10,2915.3,2936.75,2908.16,2935.19,131400
2019-07-11,2917.76,2945.8,2907.89,2928.05,139400
2019-07-12,2930.55,2938.53,2905.81,2915.34,133700
2019-07-15,2942.19,2955.0,2886.7,2921.55,162600
2019-07-16,2937.62,2944.82,2931.29,2938.64,127800
2019-07-17,2931.69,2942.07,2924.46,2933.02,145100
2019-07-18,2901.18,2921.74,2901.18,2921.74,145400
2019-07-19,2924.2,2939.6,2909.68,2909.68,145000
2019-07-22,2886.97,2927.16,2879.69,2925.79,175300
2019-07-23,2899.94,2901.36,2883.05,2886.9,125400
2019-07-24,2923.28,2936.45,2907.79,2907.93,150500
2019-07-25,2937.36,2937.36,2916.15,2923.19,141300
2019-07-26,2944.54,2948.33,2924.45,2928.06,135100
2019-07-29,2941.01,2948.47,2932.98,2943.92,124200
2019-07-30,2952.34,2965.63,2946.26,2946.26,143900
2019-07-31,2932.51,2944.4,2926.49,2944.4,136900
2019-08-01,2908.77,2927.34,2901.75,2920.85,138100
2019-08-02,2867.84,2872.47,2851.44,2861.33,179400
2019-08-05,2821.5,2863.69,2821.5,2854.58,162400
2019-08-06,2777.56,2787.42,2733.92,2776.99,224200
2019-08-07,2768.68,2792.69,2768.68,2789.02,153000
2019-08-08,2794.55,2799.69,2782.25,2784.18,145000
2019-08-09,2774.75,2808.33,2770.48,2805.59,143800
2019-08-12,2814.99,2814.99,2776.62,2781.98,131600
2019-08-13,2797.26,2802.04,2790.61,2798.05,130900
2019-08-14,2808.91,2829.89,2807.72,2824.49,144000
2019-08-15,2815.8,2815.9,2756.83,2762.34,152800
2019-08-16,2823.82,2840.32,2811.8,2817.57,148600
2019-08-19,2883.1,2883.1,2829.85,2835.52,214500
2019-08-20,2880.0,2892.08,2875.0,2879.08,189700
2019-08-21,2880.33,2885.59,2872.56,2875.47,159000
2019-08-22,2883.44,2888.5,2867.55,2887.66,149200
2019-08-23,2897.43,2902.46,2878.74,2885.15,159200
2019-08-26,2863.57,2870.49,2849.24,2851.02,169900
2019-08-27,2902.19,2919.64,2879.41,2879.52,208100
2019-08-28,2893.76,2905.44,2887.01,2901.63,183100
2019-08-29,2890.92,2898.6,2878.59,2896.0,178600
2019-08-30,2886.24,2914.58,2874.1,2907.38,194000
2019-09-02,2924.11,2928.48,2883.68,2886.94,202800
2019-09-03,2930.15,2930.15,2915.2,2925.94,189000
2019-09-04,2957.41,2957.41,2925.88,2927.75,225500
2019-09-05,2985.86,3015.84,2972.66,2972.66,305400
2019-09-06,2999.6,2999.94,2981.6,2996.62,216800
2019-09-09,3024.74,3026.24,3005.69,3023.78,243400
2019-09-10,3021.2,3027.41,3005.38,3027.41,240000
2019-09-11,3008.81,3030.56,3004.22,3029.93,229800
2019-09-12,3031.24,3033.47,3005.19,3016.63,197000
2019-09-16,3030.75,3042.93,3020.05,3041.92,221900
2019-09-17,2978.12,3023.71,2970.57,3023.71,223300
2019-09-18,2985.66,2996.4,2982.4,2984.08,168000
2019-09-19,2999.28,2999.28,2975.4,2992.92,162700
2019-09-20,3006.45,3011.34,2996.19,3004.81,182100
2019-09-23,2977.08,2998.4,2960.83,2998.4,168100
2019-09-24,2985.34,3002.9,2973.76,2979.48,163900
2019-09-25,2955.43,2977.67,2955.43,2977.67,168500
2019-09-26,2929.09,2970.04,2928.26,2964.48,188900
2019-09-27,2932.17,2939.08,2920.93,2929.49,132900
2019-09-30,2905.19,2936.48,2905.19,2927.92,116600
2019-10-08,2913.57,2933.02,2905.76,2905.76,125500
2019-10-09,2924.86,2924.86,2891.54,2902.08,130400
2019-10-10,2947.71,2949.24,2918.23,2923.71,134200
2019-10-11,2973.66,2980.79,2943.01,2954.82,161200
2019-10-14,3007.88,3026.38,2989.81,2993.96,208600
2019-10-15,2991.05,3005.66,2986.3,3005.66,155400
2019-10-16,2978.71,3010.42,2975.92,2992.61,149900
2019-10-17,2977.33,2986.72,2969.57,2979.99,122500
2019-10-18,2938.14,2987.2,2933.24,2982.34,150000
2019-10-21,2939.62,2940.32,2917.69,2933.9,132500
2019-10-22,2954.38,2954.64,2934.39,2945.6,117500
2019-10-23,2941.62,2957.3,2934.63,2952.97,123800
2019-10-24,2940.92,2953.04,2927.06,2944.01,126500
2019-10-25,2954.93,2958.24,2920.52,2940.47,136900
2019-10-28,2980.05,2980.13,2956.96,2958.69,173700
2019-10-29,2954.18,2979.04,2954.18,2979.04,166100
2019-10-30,2939.32,2953.3,2934.83,2949.46,158800
2019-10-31,2929.06,2946.75,2923.52,2944.84,161600
2019-11-01,2958.2,2959.83,2917.15,2924.34,159900
2019-11-04,2975.49,2983.06,2964.58,2964.58,167200
2019-11-05,2991.56,3008.31,2968.03,2977.7,179900
2019-11-06,2978.6,2995.56,2969.72,2992.04,165300
2019-11-07,2978.71,2988.96,2969.12,2978.15,137000
2019-11-08,2964.18,2998.76,2962.84,2993.98,149700
2019-11-11,2909.97,2949.96,2906.77,2949.96,157900
2019-11-12,2914.82,2918.3,2891.51,2913.0,129700
2019-11-13,2905.24,2913.86,2893.97,2913.02,129800
2019-11-14,2909.87,2917.37,2899.62,2907.74,129100
2019-11-15,2891.34,2917.83,2891.2,2911.35,135500
2019-11-18,2909.2,2911.38,2884.09,2889.55,124400
2019-11-19,2933.99,2933.99,2902.86,2904.28,135400
2019-11-20,2911.05,2930.49,2907.42,2928.11,137400
2019-11-21,2903.64,2910.36,2891.53,2902.55,123500
2019-11-22,2885.29,2925.02,2873.99,2906.24,158600
2019-11-25,2906.17,2906.61,2880.65,2885.61,178600
2019-11-26,2907.06,2915.04,2897.93,2912.52,170000
2019-11-27,2903.19,2914.49,2893.42,2905.4,133900
2019-11-28,2889.69,2909.84,2883.43,2902.36,119500
2019-11-29,2871.98,2892.39,2858.58,2885.97,122600
2019-12-02,2875.81,2888.89,2870.24,2874.45,128800
2019-12-03,2884.7,2884.86,2857.32,2869.88,123800
2019-12-04,2878.12,2882.5,2869.42,2876.91,125500
2019-12-05,2899.47,2902.0,2885.08,2886.52,143200
2019-12-06,2912.01,2912.01,2894.75,2902.28,134100
2019-12-09,2914.48,2919.59,2905.25,2914.46,160800
2019-12-10,2917.32,2919.2,2902.79,2908.94,170100
2019-12-11,2924.42,2928.26,2915.0,2922.6,165500
2019-12-12,2915.7,2926.34,2913.48,2926.34,151800
2019-12-13,2967.68,2969.98,2935.85,2937.78,212000
2019-12-16,2984.39,2984.64,2958.71,2970.97,211900
2019-12-17,3022.42,3039.38,2982.5,2985.26,293000
2019-12-18,3017.04,3033.23,3011.72,3021.47,244100
2019-12-19,3017.07,3021.42,3007.99,3017.15,208600
2019-12-20,3004.94,3027.48,3002.26,3019.64,215100
2019-12-23,2962.75,3009.34,2960.44,2999.04,205700
2019-12-24,2982.68,2983.82,2960.68,2965.83,163000
2019-12-25,2981.88,2988.29,2970.66,2980.43,175700
2019-12-26,3007.35,3007.35,2980.4,2981.25,182400
2019-12-27,3005.04,3036.11,3003.63,3006.85,247100
2019-12-30,3040.02,3041.4,2983.34,2998.17,248100
2019-12-31,3050.12,3051.68,3030.51,3036.39,217400
2020-01-02,3085.2,3098.1,3066.34,3066.34,292500
2020-01-03,3083.79,3093.82,3074.52,3089.02,261500
2020-01-06,3083.41,3107.2,3065.31,3070.91,312600
2020-01-07,3104.8,3105.45,3084.33,3085.49,276600
2020-01-08,3066.89,3094.24,3059.13,3094.24,297900
2020-01-09,3094.88,3097.33,3080.13,3082.64,243400
2020-01-10,3092.29,3105.23,3081.4,3102.29,210400
2020-01-13,3115.57,3115.57,3075.38,3091.49,210600
2020-01-14,3106.82,3127.17,3105.6,3120.67,230000
2020-01-15,3090.04,3107.94,3082.04,3103.17,202300
2020-01-16,3074.08,3096.37,3070.88,3095.73,203400
2020-01-17,3075.5,3091.95,3067.25,3081.46,190300
2020-01-20,3095.79,3096.31,3070.48,3082.11,210500
2020-01-21,3052.14,3085.79,3051.23,3085.79,234800
2020-01-22,3060.75,3069.25,3006.27,3038.49,223900
2020-01-23,2976.53,3045.04,2955.35,3037.95,272800
2020-02-03,2746.61,2766.58,2716.7,2716.7,215900
2020-02-04,2783.29,2786.16,2685.27,2685.27,364000
2020-02-05,2818.09,2842.74,2778.86,2792.37,309800
2020-02-06,2866.51,2876.59,2807.61,2826.89,316400
2020-02-07,2875.96,2875.96,2838.77,2858.93,309500
2020-02-10,2890.49,2891.85,2851.05,2860.5,294900
2020-02-11,2901.67,2913.82,2882.24,2894.54,269200
2020-02-12,2926.9,2926.9,2892.42,2895.56,248700
2020-02-13,2906.07,2935.41,2901.24,2927.14,274800
2020-02-14,2917.01,2926.94,2899.57,2899.87,250700
2020-02-17,2983.62,2983.64,2924.99,2924.99,313200
2020-02-18,2984.97,2990.6,2960.77,2981.41,311700
2020-02-19,2975.4,2998.27,2971.82,2979.52,315100
2020-02-20,3030.15,3031.37,2968.45,2981.88,345700
2020-02-21,3039.67,3058.9,3020.14,3022.25,364600
2020-02-24,3031.23,3042.18,3007.36,3027.89,370400
2020-02-25,3013.05,3016.95,2943.72,2982.07,441600
2020-02-26,2987.93,3028.78,2974.94,2978.42,469000
2020-02-27,2991.33,3009.46,2980.48,2992.49,350500
2020-02-28,2880.3,2948.13,2878.54,2924.64,401200
2020-03-02,2970.93,2982.51,2899.31,2899.31,367300
2020-03-03,2992.9,3026.84,2976.62,3006.89,410100
2020-03-04,3011.67,3012.0,2974.36,2981.81,353300
2020-03-05,3071.68,3074.26,3022.93,3036.16,445400
2020-03-06,3034.51,3052.44,3029.46,3039.94,362100
2020-03-09,2943.29,2989.21,2940.71,2987.18,414600
2020-03-10,2996.76,3000.3,2904.8,2918.94,393300
2020-03-11,2968.52,3010.03,2968.52,3001.76,352500
2020-03-12,2923.49,2944.47,2906.28,2936.02,307800
2020-03-13,2887.43,2910.88,2799.98,2804.23,366500
2020-03-16,2789.25,2898.03,2784.66,2897.3,351900
2020-03-17,2779.64,2826.91,2715.22,2796.28,306100
2020-03-18,2728.76,2815.87,2728.76,2792.32,291200
2020-03-19,2702.13,2736.82,2646.8,2719.41,302300
2020-03-20,2745.62,2751.9,2702.49,2727.02,252000
2020-03-23,2660.17,2703.33,2656.5,2677.59,249800
2020-03-24,2722.44,2723.41,2667.13,2703.02,257000
2020-03-25,2781.59,2788.64,2757.8,2775.3,273100
2020-03-26,2764.91,2788.5,2753.43,2761.9,234100
2020-03-27,2772.2,2805.55,2771.76,2792.98,240800
2020-03-30,2747.21,2759.1,2723.05,2739.72,239700
2020-03-31,2750.3,2771.17,2743.11,2767.31,218600
2020-04-01,2734.52,2773.36,2731.08,2743.54,217300
2020-04-02,2780.64,2780.64,2719.9,2720.23,217900
2020-04-03,2763.99,2780.59,2754.07,2773.58,200800
2020-04-07,2820.76,2823.28,2801.84,2806.97,270200
2020-04-08,2815.37,2823.21,2800.3,2805.92,243500
2020-04-09,2825.9,2832.4,2820.43,2825.84,238200
2020-04-10,2796.63,2833.01,2789.98,2827.19,233500
2020-04-13,2783.05,2792.89,2774.08,2784.6,177100
2020-04-14,2827.28,2827.3,2789.43,2794.8,202700
2020-04-15,2811.17,2829.75,2808.7,2826.66,205600
2020-04-16,2819.94,2823.34,2796.84,2798.43,203000
2020-04-17,2838.5,2854.96,2830.02,2835.56,245700
2020-04-20,2852.55,2852.99,2833.26,2840.41,211800
2020-04-21,2827.01,2842.24,2808.02,2842.24,233200
2020-04-22,2843.98,2843.98,2808.48,2814.07,217300
2020-04-23,2838.5,2853.64,2835.9,2850.51,248800
2020-04-24,2808.53,2834.94,2802.5,2834.94,235200
2020-04-27,2815.5,2832.67,2802.96,2812.24,210100
2020-04-28,2810.02,2821.75,2758.25,2819.99,253900
2020-04-29,2822.44,2831.76,2800.74,2801.38,202100
2020-04-30,2860.08,2865.59,2832.38,2832.38,242500
2020-05-06,2878.14,2879.26,2830.65,2831.63,249800
2020-05-07,2871.52,2882.02,2864.58,2876.47,226700
2020-05-08,2895.34,2903.8,2879.2,2882.71,226800
2020-05-11,2894.8,2914.28,2884.38,2901.57,225100
2020-05-12,2891.56,2897.9,2871.23,2894.62,197100
2020-05-13,2898.05,2900.26,2875.53,2882.96,185100
2020-05-14,2870.34,2887.06,2869.18,2887.06,197800
2020-05-15,2868.46,2884.22,2863.37,2880.71,189000
2020-05-18,2875.42,2889.98,2862.27,2872.52,226000
2020-05-19,2898.58,2900.22,2887.58,2897.69,197200
2020-05-20,2883.74,2896.47,2876.18,2896.47,210500
2020-05-21,2867.92,2891.52,2864.21,2890.72,203500
2020-05-22,2813.76,2863.05,2808.02,2863.05,209100
2020-05-25,2817.97,2821.5,2802.47,2816.24,172900
2020-05-26,2846.55,2848.34,2825.9,2827.9,174600
2020-05-27,2836.8,2849.0,2831.93,2847.32,198100
2020-05-28,2846.22,2861.92,2820.15,2838.21,207500
2020-05-29,2852.35,2855.38,2829.63,2835.58,206800
2020-06-01,2915.43,2917.15,2871.96,2871.96,260200
2020-06-02,2921.4,2926.36,2909.13,2916.32,256100
2020-06-03,2923.37,2942.76,2922.66,2930.39,255700
2020-06-04,2919.25,2932.97,2910.75,2931.84,226600
2020-06-05,2930.8,2930.8,2909.12,2923.19,217400
2020-06-08,2937.77,2950.07,2934.21,2941.98,231100
2020-06-09,2956.11,2957.12,2932.94,2939.53,209000
2020-06-10,2943.75,2951.33,2934.84,2951.28,207900
2020-06-11,2920.9,2952.65,2912.19,2939.79,233700
2020-06-12,2919.74,2930.25,2872.62,2876.8,236000
2020-06-15,2890.03,2922.54,2890.03,2908.28,243200
2020-06-16,2931.75,2931.78,2909.13,2912.83,223300
2020-06-17,2935.87,2936.62,2919.04,2932.67,234700
2020-06-18,2939.32,2942.9,2920.11,2929.88,258700
2020-06-19,2967.63,2973.32,2935.82,2938.79,264300
2020-06-22,2965.27,2983.44,2959.03,2966.9,267900
2020-06-23,2970.62,2972.4,2949.85,2960.89,225200
2020-06-24,2979.55,2982.94,2971.22,2972.98,213200
2020-06-29,2961.52,2977.91,2951.77,2973.08,220600
2020-06-30,2984.67,2990.82,2965.1,2965.1,215000
2020-07-01,3025.98,3026.19,2984.98,2991.18,273300
2020-07-02,3090.57,3092.44,3021.67,3023.72,391100
2020-07-03,3152.81,3152.81,3104.0,3104.0,458800
2020-07-06,3332.88,3337.27,3187.84,3187.84,643900
2020-07-07,3345.34,3407.08,3336.24,3380.95,657800
2020-07-08,3403.44,3421.53,3327.71,3337.55,587100
2020-07-09,3450.59,3456.97,3393.64,3403.48,620000
2020-07-10,3383.32,3433.11,3372.51,3418.94,556100
2020-07-13,3443.29,3458.79,3369.04,3379.39,558000
2020-07-14,3414.62,3451.22,3366.08,3435.02,543200
2020-07-15,3361.3,3432.45,3345.75,3422.08,492000
2020-07-16,3210.1,3373.53,3209.73,3356.36,490600
2020-07-17,3214.13,3252.78,3181.27,3214.4,359700
2020-07-20,3314.15,3314.15,3220.68,3243.91,418600
2020-07-21,3320.9,3336.68,3300.57,3330.55,359300
2020-07-22,3333.16,3381.98,3311.79,3315.18,393300
2020-07-23,3325.11,3336.3,3257.83,3306.15,407000
2020-07-24,3196.77,3319.13,3184.97,3310.65,427100
2020-07-27,3205.23,3221.99,3174.66,3210.39,299300
2020-07-28,3227.96,3245.3,3208.49,3226.13,289400
2020-07-29,3294.55,3294.55,3209.99,3221.99,324900
2020-07-30,3286.82,3312.45,3282.16,3299.57,340700
2020-07-31,3310.01,3333.79,3261.61,3280.8,353800
2020-08-03,3367.97,3368.1,3327.68,3332.18,407500
2020-08-04,3371.69,3391.07,3352.5,3376.44,442300
2020-08-05,3377.56,3383.64,3333.88,3363.33,385800
2020-08-06,3386.46,3392.7,3334.33,3380.76,415300
2020-08-07,3354.03,3374.13,3307.71,3370.59,403900
2020-08-10,3379.25,3399.93,3335.04,3341.53,381400
2020-08-11,3340.29,3409.06,3336.09,3379.49,400500
2020-08-12,3319.27,3335.73,3263.26,3327.49,378300
2020-08-13,3320.73,3338.15,3309.46,3328.18,324300
2020-08-14,3360.1,3362.03,3302.74,3315.67,306000
2020-08-17,3438.8,3450.9,3369.37,3373.9,434600
2020-08-18,3451.09,3456.72,3432.64,3441.93,380700
2020-08-19,3408.13,3454.46,3406.16,3444.56,405700
2020-08-20,3363.9,3394.56,3352.78,3385.97,335600
2020-08-21,3380.68,3393.92,3358.0,3380.23,287500
2020-08-24,3385.64,3396.57,3368.03,3391.11,266200
2020-08-25,3373.58,3408.87,3364.16,3392.88,277100
2020-08-26,3329.74,3382.6,3320.14,3371.81,294500
2020-08-27,3350.11,3351.83,3312.99,3333.49,237100
2020-08-28,3403.81,3405.88,3339.65,3346.29,271300
2020-08-31,3395.68,3442.74,3395.47,3416.55,323500
2020-09-01,3410.61,3410.61,3381.71,3389.74,247000
2020-09-02,3404.8,3421.4,3377.21,3420.47,261500
2020-09-03,3384.98,3425.63,3374.26,3404.03,255300
2020-09-04,3355.37,3360.11,3328.55,3336.41,221600
2020-09-07,3292.59,3368.25,3285.63,3349.92,260600
2020-09-08,3316.42,3324.39,3276.44,3301.22,271100
2020-09-09,3254.63,3289.61,3238.56,3281.0,351500
2020-09-10,3234.82,3285.47,3227.64,3282.23,312500
2020-09-11,3260.35,3262.5,3220.54,3225.78,221700
2020-09-14,3278.81,3283.53,3261.15,3275.92,213900
2020-09-15,3295.68,3297.69,3263.75,3277.13,197700
2020-09-16,3283.92,3302.46,3271.07,3293.17,200400
2020-09-17,3270.44,3290.41,3248.5,3277.32,202900
2020-09-18,3338.09,3338.32,3268.53,3270.91,256300
2020-09-21,3316.94,3350.59,3313.07,3348.9,216500
2020-09-22,3274.3,3320.23,3265.7,3290.67,214000
2020-09-23,3279.71,3289.76,3264.89,3278.84,169200
2020-09-24,3223.18,3265.34,3221.24,3262.88,206700
2020-09-25,3219.42,3239.47,3208.03,3234.37,164800
2020-09-28,3217.53,3238.18,3210.89,3224.98,156000
2020-09-29,3224.36,3242.79,3219.79,3231.85,151300
2020-09-30,3218.05,3244.91,3202.34,3232.71,153500
2020-10-09,3272.08,3280.51,3260.19,3262.61,188300
2020-10-12,3358.47,3359.15,3286.11,3287.33,259600
2020-10-13,3359.75,3361.83,3334.5,3353.12,204900
2020-10-14,3340.78,3353.62,3332.96,3353.62,198700
2020-10-15,3332.18,3354.58,3330.0,3342.92,191000
2020-10-16,3336.36,3348.95,3319.11,3334.46,194300
2020-10-19,3312.67,3371.09,3307.84,3351.1,212300
2020-10-20,3328.1,3328.1,3293.77,3307.15,165100
2020-10-21,3325.02,3332.15,3304.17,3332.15,177600
2020-10-22,3312.5,3320.88,3281.37,3315.82,165900
2020-10-23,3278.0,3326.05,3276.62,3308.16,174200
2020-10-26,3251.12,3264.45,3226.6,3258.7,167700
2020-10-27,3254.32,3258.34,3235.54,3240.74,149100
2020-10-28,3269.24,3275.87,3238.38,3256.22,173200
2020-10-29,3272.73,3289.77,3231.12,3235.76,184700
2020-10-30,3224.53,3279.86,3219.42,3278.63,230200
2020-11-02,3225.12,3242.8,3209.91,3228.72,226800
2020-11-03,3271.07,3278.38,3237.85,3239.81,215300
2020-11-04,3277.44,3286.62,3254.11,3273.43,188500
2020-11-05,3320.13,3320.41,3291.6,3305.58,226800
2020-11-06,3312.16,3326.47,3292.15,3326.47,234900
2020-11-09,3373.73,3380.82,3329.43,3329.43,310200
2020-11-10,3360.15,3387.62,3346.17,3387.62,278700
2020-11-11,3342.2,3365.84,3339.04,3354.02,271200
2020-11-12,3338.68,3350.28,3329.49,3344.46,216500
2020-11-13,3310.1,3327.23,3291.64,3327.23,227900
2020-11-16,3346.97,3346.97,3313.65,3325.62,279600
2020-11-17,3339.9,3347.7,3323.95,3347.15,283600
2020-11-18,3347.3,3358.89,3333.99,3337.33,287500
2020-11-19,3363.09,3367.33,3330.45,3339.09,253300
2020-11-20,3377.73,3380.15,3356.31,3359.6,261300
2020-11-23,3414.49,3431.65,3377.99,3384.1,373900
2020-11-24,3402.82,3413.93,3396.24,3407.41,301000
2020-11-25,3362.33,3423.49,3362.33,3417.51,322100
2020-11-26,3369.73,3371.45,3344.28,3360.06,255900
2020-11-27,3408.31,3408.31,3364.49,3373.84,280600
2020-11-30,3391.76,3456.74,3391.76,3418.16,385000
2020-12-01,3451.94,3457.64,3386.91,3388.99,316200
2020-12-02,3449.38,3465.73,3435.87,3453.52,312800
2020-12-03,3442.14,3452.16,3428.8,3448.54,298500
2020-12-04,3444.58,3448.4,3417.05,3436.73,256300
2020-12-07,3416.6,3449.58,3414.31,3446.65,254500
2020-12-08,3410.18,3428.66,3403.03,3417.69,226900
2020-12-09,3371.96,3422.54,3371.92,3416.08,260700
2020-12-10,3373.28,3384.89,3357.75,3365.73,247300
2020-12-11,3347.19,3383.18,3325.17,3381.01,298600
2020-12-14,3369.12,3371.13,3338.63,3349.53,239800
2020-12-15,3367.23,3373.56,3348.42,3366.58,225700
2020-12-16,3366.98,3378.66,3359.17,3371.26,220800
2020-12-17,3404.87,3406.16,3354.01,3367.28,275500
2020-12-18,3394.9,3413.81,3382.75,3400.49,281000
2020-12-21,3420.57,3423.61,3381.12,3394.4,283800
2020-12-22,3356.78,3415.75,3353.86,3410.97,323000
2020-12-23,3382.32,3394.21,3360.2,3362.47,299500
2020-12-24,3363.11,3394.07,3354.02,3382.19,275000
2020-12-25,3396.56,3397.01,3348.34,3351.79,294500
2020-12-28,3397.28,3412.52,3383.65,3396.36,316200
2020-12-29,3379.04,3407.09,3376.09,3399.29,311800
2020-12-30,3414.45,3414.45,3374.42,3375.01,291000
2020-12-31,3473.07,3474.92,3419.73,3419.73,335700
2021-01-04,3502.96,3511.66,3457.21,3474.68,380800
2021-01-05,3528.68,3528.68,3484.72,3492.19,408000
2021-01-06,3550.88,3556.8,3513.13,3530.91,370200
2021-01-07,3576.21,3576.21,3526.62,3552.91,405300
2021-01-08,3570.11,3588.06,3544.89,3577.69,345600
2021-01-11,3531.5,3597.7,3516.99,3571.32,362500
2021-01-12,3608.34,3608.34,3517.47,3518.01,323400
2021-01-13,3598.65,3622.35,3575.59,3613.28,388100
2021-01-14,3565.91,3599.06,3559.6,3584.93,347700
2021-01-15,3566.38,3589.27,3533.79,3566.28,324600
2021-01-18,3596.22,3608.77,3544.26,3554.8,301700
2021-01-19,3566.38,3603.15,3553.02,3596.36,323400
2021-01-20,3583.09,3589.96,3556.44,3564.12,272300
2021-01-21,3621.26,3636.24,3585.8,3590.93,327500
2021-01-22,3606.75,3616.54,3585.03,3616.54,324500
2021-01-25,3624.24,3637.1,3591.02,3605.36,327300
2021-01-26,3569.43,3610.97,3564.74,3610.97,278100
2021-01-27,3573.34,3578.8,3546.49,3567.55,264100
2021-01-28,3505.18,3549.54,3496.88,3534.67,270900
2021-01-29,3483.07,3531.6,3446.55,3521.72,293700
2021-02-01,3505.28,3506.39,3469.88,3477.17,277600
2021-02-02,3533.69,3535.5,3495.57,3510.81,264500
2021-02-03,3517.31,3544.01,3508.51,3531.15,297400
2021-02-04,3501.86,3524.72,3465.77,3503.78,298800
2021-02-05,3496.33,3536.54,3492.96,3509.49,290100
2021-02-08,3532.45,3542.21,3492.13,3504.56,249800
2021-02-09,3603.49,3604.01,3528.68,3539.77,253800
2021-02-10,3655.09,3662.77,3612.5,3612.61,257900
2021-02-18,3675.36,3731.69,3663.66,3721.09,340300
2021-02-19,3696.17,3699.65,3634.01,3661.78,361100
2021-02-22,3642.44,3717.27,3642.44,3707.19,488800
2021-02-23,3636.36,3672.15,3617.7,3617.7,398900
2021-02-24,3564.08,3645.65,3531.59,3638.94,362200
2021-02-25,3585.05,3608.56,3568.47,3595.54,366200
2021-02-26,3509.08,3550.41,3500.7,3514.56,333300
2021-03-01,3551.4,3552.57,3511.99,3531.48,315500
2021-03-02,3508.59,3566.85,3485.36,3566.85,339800
2021-03-03,3576.9,3577.62,3498.72,3500.16,347700
2021-03-04,3503.49,3552.2,3487.38,3546.64,393600
2021-03-05,3501.99,3523.57,3456.67,3463.31,356400
2021-03-08,3421.41,3542.3,3421.22,3524.98,387000
2021-03-09,3359.29,3429.15,3328.31,3415.34,407700
2021-03-10,3357.74,3397.03,3354.82,3389.84,299700
2021-03-11,3436.83,3436.83,3369.9,3369.9,322100
2021-03-12,3453.08,3454.51,3417.24,3447.2,358000
2021-03-15,3419.95,3457.49,3392.51,3441.88,367800
2021-03-16,3446.73,3448.88,3406.18,3424.65,316700
2021-03-17,3445.55,3454.06,3410.28,3435.73,280100
2021-03-18,3463.07,3478.15,3449.38,3449.64,284400
2021-03-19,3404.66,3439.52,3389.29,3423.87,309200
2021-03-22,3443.44,3443.66,3404.23,3406.12,312600
2021-03-23,3411.51,3445.42,3390.05,3445.34,326400
2021-03-24,3367.06,3415.29,3362.18,3394.13,317400
2021-03-25,3363.59,3382.23,3344.97,3355.07,270700
2021-03-26,3418.33,3423.22,3373.32,3373.32,274600
2021-03-29,3435.3,3449.83,3409.89,3429.63,284800
2021-03-30,3456.68,3457.63,3423.32,3432.53,285400
2021-03-31,3441.91,3452.21,3420.83,3452.21,283000
2021-04-01,3466.33,3470.03,3438.83,3444.81,275200
2021-04-02,3484.39,3487.59,3462.83,3472.63,262700
2021-04-06,3482.97,3493.28,3471.76,3491.63,234700
2021-04-07,3479.63,3483.42,3453.19,3483.42,295800
2021-04-08,3482.55,3495.91,3459.32,3467.49,331800
2021-04-09,3450.68,3475.45,3442.14,3475.44,280100
2021-04-12,3412.95,3456.16,3403.9,3445.97,309600
2021-04-13,3396.47,3425.39,3387.9,3411.29,270600
2021-04-14,3416.72,3420.03,3392.98,3397.02,233200
2021-04-15,3398.99,3409.61,3373.09,3409.61,234000
2021-04-16,3426.62,3432.63,3394.13,3407.19,258600
2021-04-19,3477.55,3479.01,3414.36,3427.55,302700
2021-04-20,3472.94,3494.3,3463.46,3467.15,285300
2021-04-21,3472.93,3481.25,3450.11,3456.3,253800
2021-04-22,3465.11,3485.36,3456.32,3482.83,251100
2021-04-23,3474.17,3482.36,3456.33,3462.09,249400
2021-04-26,3441.17,3497.12,3438.57,3484.11,277000
2021-04-27,3442.61,3443.85,3417.26,3440.09,253000
2021-04-28,3457.07,3457.07,3423.33,3432.16,247400
2021-04-29,3474.9,3478.23,3447.59,3458.08,276600
2021-04-30,3446.86,3469.09,3426.9,3468.3,312700
2021-05-06,3441.28,3471.24,3426.85,3446.07,310400
2021-05-07,3418.87,3457.89,3416.78,3446.41,353800
2021-05-10,3427.99,3429.74,3401.93,3423.59,374200
2021-05-11,3441.85,3448.1,3384.7,3406.6,350900
2021-05-12,3462.75,3466.37,3428.39,3429.75,311400
2021-05-13,3429.54,3448.02,3418.38,3432.14,319300
2021-05-14,3490.38,3490.64,3422.56,3436.09,337000
2021-05-17,3517.62,3530.51,3490.14,3490.41,322100
2021-05-18,3529.01,3529.01,3510.86,3520.65,271300
2021-05-19,3510.96,3521.11,3503.82,3521.11,278300
2021-05-20,3506.94,3517.74,3486.07,3500.88,326000
2021-05-21,3486.56,3518.38,3479.67,3510.84,283800
2021-05-24,3497.28,3498.3,3469.87,3486.27,289500
2021-05-25,3581.34,3584.58,3502.44,3502.54,341200
2021-05-26,3593.36,3603.49,3585.37,3586.84,342000
2021-05-27,3608.85,3626.36,3579.26,3585.73,309600
2021-05-28,3600.78,3622.18,3582.36,3610.77,349200
2021-05-31,3615.48,3615.66,3580.65,3600.07,331500
2021-06-01,3624.71,3626.07,3581.91,3608.6,352800
2021-06-02,3597.14,3629.29,3584.6,3626.33,348600
2021-06-03,3584.21,3618.51,3584.21,3595.42,354200
2021-06-04,3591.84,3618.8,3561.89,3565.47,330900
2021-06-07,3599.54,3600.38,3581.9,3597.14,303700
2021-06-08,3580.11,3621.52,3563.25,3598.75,304500
2021-06-09,3591.4,3598.71,3572.64,3576.8,298300
2021-06-10,3610.86,3624.34,3584.13,3587.53,318200
2021-06-11,3589.75,3614.4,3587.15,3614.11,360600
2021-06-15,3556.56,3592.95,3547.19,3587.47,349200
2021-06-16,3518.33,3561.09,3513.56,3556.71,312600
2021-06-17,3525.6,3534.2,3507.35,3508.32,277200
2021-06-18,3525.1,3535.62,3503.18,3520.5,296700
2021-06-21,3529.18,3540.3,3504.01,3515.5,280900
2021-06-22,3557.41,3560.19,3536.81,3539.79,307500
2021-06-23,3566.22,3577.47,3549.85,3559.4,310700
2021-06-24,3566.65,3570.49,3548.82,3568.58,335400
2021-06-25,3607.56,3614.3,3564.52,3567.38,346100
2021-06-28,3606.37,3614.36,3594.22,3612.25,321300
2021-06-29,3573.18,3601.83,3570.53,3601.68,306100
2021-06-30,3591.2,3594.12,3569.5,3572.62,268200
2021-07-01,3588.78,3607.7,3573.94,3600.55,291900
2021-07-02,3518.76,3569.89,3514.34,3569.89,291900
2021-07-05,3534.32,3534.32,3510.58,3516.92,288100
2021-07-06,3530.26,3538.35,3496.93,3533.13,314100
2021-07-07,3553.72,3557.88,3504.47,3508.59,318800
2021-07-08,3525.5,3558.68,3521.06,3557.22,350900
2021-07-09,3524.09,3529.31,3485.05,3512.23,349900
2021-07-12,3547.84,3565.03,3527.39,3545.2,403600
2021-07-13,3566.52,3567.48,3542.82,3547.59,362400
2021-07-14,3528.5,3560.83,3525.49,3560.83,372200
2021-07-15,3564.59,3565.93,3514.26,3519.06,363300
2021-07-16,3539.3,3566.0,3537.73,3559.53,366000
2021-07-19,3539.12,3544.88,3506.34,3530.49,336800
2021-07-20,3536.79,3538.64,3509.19,3515.07,293800
2021-07-21,3562.66,3569.09,3543.05,3543.05,339000
2021-07-22,3574.73,3576.47,3558.29,3563.66,381100
2021-07-23,3550.4,3571.85,3541.51,3571.72,446400
2021-07-26,3467.44,3538.01,3424.74,3538.01,442900
2021-07-27,3381.18,3483.87,3380.28,3467.45,469100
2021-07-28,3361.59,3385.54,3312.72,3355.82,395800
2021-07-29,3411.72,3416.61,3382.57,3403.84,344600
2021-07-30,3397.36,3404.88,3370.45,3398.2,381400
2021-08-02,3464.29,3464.29,3367.64,3385.69,432900
2021-08-03,3447.99,3470.66,3435.46,3446.78,400700
2021-08-04,3477.22,3477.6,3440.78,3442.94,348700
2021-08-05,3466.55,3486.16,3449.39,3461.72,348400
2021-08-06,3458.23,3466.39,3436.93,3465.48,336800
2021-08-09,3494.63,3502.84,3438.7,3441.75,349900
2021-08-10,3529.93,3529.93,3477.06,3488.66,345100
2021-08-11,3532.62,3544.09,3524.04,3527.11,383800
2021-08-12,3524.74,3538.4,3513.45,3522.72,381100
2021-08-13,3516.3,3540.08,3500.8,3514.47,378200
2021-08-16,3517.34,3537.85,3510.9,3514.34,391100
2021-08-17,3446.98,3531.73,3438.12,3512.11,422900
2021-08-18,3485.29,3487.44,3437.69,3442.35,389200
2021-08-19,3465.55,3480.46,3446.01,3475.3,382400
2021-08-20,3427.33,3453.15,3394.97,3442.51,391100
2021-08-23,3477.13,3481.25,3436.67,3436.8,384700
2021-08-24,3514.47,3522.7,3481.14,3482.27,430200
2021-08-25,3540.38,3540.39,3510.07,3517.92,450000
2021-08-26,3501.66,3537.32,3499.45,3537.31,502900
2021-08-27,3522.16,3530.19,3493.38,3494.42,455300
2021-08-30,3528.15,3539.49,3512.99,3535.07,512800
2021-08-31,3543.94,3543.94,3496.39,3519.02,524200
2021-09-01,3567.1,3582.32,3514.67,3543.87,667300
2021-09-02,3597.04,3597.37,3557.68,3559.9,572700
2021-09-03,3581.73,3613.95,3569.4,3602.74,614500
2021-09-06,3621.86,3626.29,3580.14,3580.14,521700
2021-09-07,3676.59,3681.93,3615.14,3621.71,547700
2021-09-08,3675.19,3695.32,3661.0,3673.4,586400
2021-09-09,3693.13,3693.45,3662.16,3666.82,604800
2021-09-10,3703.11,3722.87,3681.64,3691.19,635200
2021-09-13,3715.37,3716.83,3692.82,3699.25,557500
2021-09-14,3662.6,3723.85,3655.63,3709.63,565000
2021-09-15,3656.22,3677.53,3638.32,3651.16,475000
2021-09-16,3607.09,3677.92,3606.73,3664.84,546700
2021-09-17,3613.97,3620.96,3569.27,3595.27,516900
2021-09-22,3628.49,3629.45,3560.5,3563.21,472300
2021-09-23,3642.22,3670.95,3632.28,3651.27,535000
2021-09-24,3613.07,3651.43,3607.79,3637.87,507300
2021-09-27,3582.83,3640.81,3559.92,3625.96,510800
2021-09-28,3602.22,3610.92,3568.82,3577.89,444200
2021-09-29,3536.29,3573.52,3518.05,3573.52,452500
2021-09-30,3568.17,3572.43,3541.93,3541.93,395600
2021-10-08,3592.17,3612.55,3571.73,3609.09,407200
2021-10-11,3591.71,3614.7,3586.75,3600.36,394400
2021-10-12,3546.94,3583.64,3515.14,3581.3,405400
2021-10-13,3561.76,3569.13,3515.65,3543.49,325100
2021-10-14,3558.28,3569.69,3547.18,3555.11,295000
2021-10-15,3572.37,3578.77,3542.69,3551.99,320300
2021-10-18,3568.14,3571.05,3539.48,3571.05,341000
2021-10-19,3593.15,3596.79,3560.62,3562.3,334200
2021-10-20,3587.0,3596.05,3574.3,3583.24,344200
2021-10-21,3594.78,3610.96,3576.35,3590.05,352300
2021-10-22,3582.6,3607.58,3578.76,3594.75,353200
2021-10-25,3609.86,3611.09,3564.21,3574.26,321200
2021-10-26,3597.64,3625.02,3589.71,3612.83,337300
2021-10-27,3562.31,3589.86,3553.13,3589.86,350600
2021-10-28,3518.42,3552.04,3509.49,3548.7,378200
2021-10-29,3547.34,3547.34,3502.8,3519.33,358800
2021-11-01,3544.48,3556.59,3519.29,3530.4,382300
2021-11-02,3505.63,3559.05,3477.66,3543.38,417600
2021-11-03,3498.54,3512.61,3480.49,3501.11,306600
2021-11-04,3526.87,3527.95,3503.01,3505.89,319400
2021-11-05,3491.57,3525.87,3491.46,3520.21,354500
2021-11-08,3498.63,3507.27,3484.24,3491.97,298200
2021-11-09,3507.0,3514.95,3489.04,3507.11,287300
2021-11-10,3492.46,3498.94,3448.44,3498.94,307000
2021-11-11,3532.79,3534.2,3482.83,3486.45,322100
2021-11-12,3539.1,3543.65,3527.39,3534.15,308700
2021-11-15,3533.3,3550.44,3521.29,3542.9,313000
2021-11-16,3521.79,3549.77,3517.81,3530.46,310400
2021-11-17,3537.37,3537.51,3513.52,3518.56,276700
2021-11-18,3520.71,3537.98,3513.11,3531.49,312400
2021-11-19,3560.37,3561.91,3517.65,3519.28,318000
2021-11-22,3582.08,3585.19,3562.75,3562.76,330000
2021-11-23,3589.09,3598.38,3577.36,3580.51,360000
2021-11-24,3592.7,3602.74,3575.29,3590.02,336800
2021-11-25,3584.18,3597.15,3579.53,3593.39,306500
2021-11-26,3564.09,3576.11,3554.88,3576.11,301000
2021-11-29,3562.7,3563.68,3526.36,3528.67,333600
2021-11-30,3563.89,3582.12,3546.36,3570.75,349200
2021-12-01,3576.89,3576.89,3558.69,3561.89,329900
2021-12-02,3573.84,3586.87,3567.14,3573.25,354000
2021-12-03,3607.43,3608.47,3573.21,3576.45,377600
2021-12-06,3589.31,3626.13,3586.81,3615.24,418700
2021-12-07,3595.09,3614.22,3572.57,3611.22,403800
2021-12-08,3637.57,3637.72,3591.99,3602.82,361000
2021-12-09,3673.04,3688.4,3638.7,3641.16,431900
2021-12-10,3666.35,3667.85,3651.35,3654.37,420000
2021-12-13,3681.08,3708.94,3678.06,3686.94,424100
2021-12-14,3661.53,3671.68,3654.66,3669.81,362200
2021-12-15,3647.63,3668.4,3645.24,3655.05,377500
2021-12-16,3675.02,3675.02,3644.66,3648.93,381300
2021-12-17,3632.36,3673.65,3631.66,3670.26,408500
2021-12-20,3593.6,3643.95,3589.36,3620.04,423900
2021-12-21,3625.13,3627.09,3591.45,3591.45,408200
2021-12-22,3622.62,3635.9,3616.55,3632.68,394800
2021-12-23,3643.34,3643.55,3618.05,3625.47,382900
2021-12-24,3618.05,3648.96,3612.07,3645.4,390300
2021-12-27,3615.97,3632.19,3601.94,3613.05,329200
2021-12-28,3630.11,3631.08,3607.36,3619.64,316200
2021-12-29,3597.0,3630.92,3596.32,3630.92,305100
2021-12-30,3619.19,3628.92,3595.5,3596.49,307800
2021-12-31,3639.78,3642.84,3624.94,3626.24,329700
2022-01-04,3632.33,3651.89,3610.09,3649.15,405000
2022-01-05,3595.18,3628.26,3583.47,3628.26,423900
2022-01-06,3586.08,3594.49,3559.88,3581.22,371500
2022-01-07,3579.54,3607.23,3577.1,3588.99,436300
2022-01-10,3593.52,3593.52,3555.13,3572.74,356200
2022-01-11,3567.44,3602.15,3562.75,3589.9,359800
2022-01-12,3597.43,3599.5,3572.1,3578.16,343100
2022-01-13,3555.26,3601.07,3555.16,3601.03,369400
2022-01-14,3521.26,3548.42,3519.32,3544.07,376900
2022-01-17,3541.67,3546.09,3519.43,3522.09,312900
2022-01-18,3569.91,3579.31,3531.33,3541.89,377100
2022-01-19,3558.18,3578.73,3541.66,3567.63,333200
2022-01-20,3555.06,3576.26,3540.55,3556.23,379500
2022-01-21,3522.57,3547.0,3514.89,3546.75,326500
2022-01-24,3524.11,3531.61,3500.14,3508.24,280300
2022-01-25,3433.06,3519.83,3433.06,3509.28,327400
2022-01-26,3455.67,3462.12,3417.76,3442.69,275100
2022-01-27,3394.25,3456.36,3392.02,3456.1,280600
2022-01-28,3361.44,3417.05,3356.56,3407.59,290900
2022-02-07,3429.58,3434.03,3407.76,3407.76,320500
2022-02-08,3452.63,3453.19,3390.46,3428.54,366100
2022-02-09,3479.95,3484.74,3444.08,3450.82,350200
2022-02-10,3485.91,3488.86,3464.22,3481.91,355700
2022-02-11,3462.95,3500.15,3459.33,3472.28,361400
2022-02-14,3428.88,3457.26,3415.45,3451.85,315300
2022-02-15,3446.09,3447.49,3421.64,3428.04,275600
2022-02-16,3465.83,3475.06,3453.8,3457.07,275000
2022-02-17,3468.04,3480.97,3454.28,3464.21,297300
2022-02-18,3490.76,3490.76,3447.03,3451.63,295100
2022-02-21,3490.61,3492.2,3471.69,3488.41,301500
2022-02-22,3457.15,3473.39,3437.67,3473.29,326300
2022-02-23,3489.15,3490.76,3458.18,3458.51,325600
2022-02-24,3429.96,3486.98,3400.21,3474.37,488400
2022-02-25,3451.41,3480.18,3440.93,3445.34,377500
2022-02-28,3462.31,3462.31,3425.52,3450.32,345800
2022-03-01,3488.83,3491.13,3465.72,3471.36,326000
2022-03-02,3484.19,3486.62,3467.0,3478.29,329400
2022-03-03,3481.11,3500.29,3473.34,3495.93,412600
2022-03-04,3447.65,3474.88,3437.7,3459.98,393500
2022-03-07,3372.86,3438.56,3360.74,3438.56,393600
2022-03-08,3293.53,3383.63,3287.34,3372.55,415900
2022-03-09,3256.39,3321.48,3147.68,3303.71,466300
2022-03-10,3296.09,3326.58,3291.24,3312.18,378300
2022-03-11,3309.75,3315.66,3217.42,3259.32,384100
2022-03-14,3223.53,3297.8,3223.53,3271.89,338000
2022-03-15,3063.97,3196.92,3063.97,3192.36,465000
2022-03-16,3170.71,3177.79,3023.3,3107.67,444700
2022-03-17,3215.04,3260.17,3202.93,3215.01,420800
2022-03-18,3251.07,3260.78,3197.36,3207.15,373000
2022-03-21,3253.69,3267.5,3223.39,3255.62,354200
2022-03-22,3259.86,3279.11,3239.53,3249.54,361200
2022-03-23,3271.03,3279.89,3251.98,3264.79,349900
2022-03-24,3250.26,3266.89,3236.66,3256.06,329000
2022-03-25,3212.24,3257.11,3211.64,3247.16,340000
2022-03-28,3214.5,3230.22,3159.83,3185.17,345000
2022-03-29,3203.94,3229.18,3196.46,3216.01,316300
2022-03-30,3266.6,3266.6,3216.3,3217.59,366800
2022-03-31,3252.2,3272.04,3246.06,3256.14,398400
2022-04-01,3282.72,3287.23,3226.3,3234.67,378200
2022-04-06,3283.43,3288.11,3255.69,3269.43,429600
2022-04-07,3236.7,3290.26,3236.48,3267.81,402600
2022-04-08,3251.85,3257.09,3208.35,3239.88,413800
2022-04-11,3167.13,3239.86,3156.51,3239.86,424200
2022-04-12,3213.33,3214.54,3140.9,3165.12,418300
2022-04-13,3186.82,3225.47,3183.53,3199.8,391200
2022-04-14,3225.64,3240.0,3200.23,3203.63,371200
2022-04-15,3211.25,3229.87,3200.13,3210.7,407800
2022-04-18,3195.52,3204.03,3166.98,3185.94,347400
2022-04-19,3194.03,3207.83,3174.71,3192.09,339900
2022-04-20,3151.05,3191.83,3142.05,3189.89,362000
2022-04-21,3079.81,3160.9,3069.68,3138.43,391900
2022-04-22,3086.92,3105.66,3049.36,3058.4,342000
2022-04-25,2928.51,3043.82,2928.51,3034.27,433600
2022-04-26,2886.43,2957.68,2878.26,2930.45,401600
2022-04-27,2958.28,2959.18,2863.65,2866.82,423100
2022-04-28,2975.48,2991.51,2936.79,2945.81,100
2022-04-29,3047.06,3048.49,2968.33,2986.06,423900
2022-05-05,3067.76,3082.23,3042.12,3044.85,383100
2022-05-06,3001.56,3030.69,2992.72,3011.32,343300
2022-05-09,3004.14,3015.94,2983.61,2990.2,292100
2022-05-10,3035.84,3043.78,2957.4,2965.78,370700
2022-05-11,3058.7,3100.9,3034.67,3035.39,424000
2022-05-12,3054.99,3072.16,3032.95,3044.8,344400
2022-05-13,3084.28,3086.1,3059.25,3068.03,331700
2022-05-16,3073.75,3102.58,3063.4,3100.55,338100
2022-05-17,3093.7,3093.7,3057.64,3076.5,330400
2022-05-18,3085.98,3105.84,3071.31,3095.89,315000
2022-05-19,3096.96,3096.96,3042.67,3046.71,336600
2022-05-20,3146.57,3146.57,3107.09,3107.09,372300
2022-05-23,3146.86,3150.51,3127.9,3150.49,353400
2022-05-24,3070.93,3153.13,3070.93,3149.06,416300
2022-05-25,3107.46,3107.63,3069.95,3070.17,342300
2022-05-26,3123.11,3133.28,3079.48,3111.48,370300
2022-05-27,3130.24,3151.05,3112.54,3135.03,359500
2022-05-30,3149.06,3150.89,3123.15,3141.96,349400
2022-05-31,3186.43,3188.6,3142.0,3149.94,374500
2022-06-01,3182.16,3190.61,3160.04,3179.69,365700
2022-06-02,3195.46,3197.28,3163.76,3170.31,361800
2022-06-06,3236.37,3237.07,3181.65,3196.96,422000
2022-06-07,3241.76,3253.09,3222.64,3235.42,402200
2022-06-08,3263.79,3266.63,3216.01,3245.02,434200
2022-06-09,3238.95,3270.56,3223.48,3259.49,422700
2022-06-10,3284.83,3286.62,3210.81,3214.18,439900
2022-06-13,3255.55,3272.99,3229.31,3256.28,438600
2022-06-14,3288.91,3289.13,3195.82,3224.21,450400
2022-06-15,3305.41,3358.55,3288.85,3289.1,550600
2022-06-16,3285.38,3319.69,3277.53,3306.84,433200
2022-06-17,3316.79,3323.28,3262.89,3265.51,395300
2022-06-20,3315.43,3333.9,3292.93,3315.78,413500
2022-06-21,3306.72,3329.39,3279.83,3313.79,394500
2022-06-22,3267.2,3311.02,3266.54,3309.12,375500
2022-06-23,3320.15,3320.15,3262.29,3269.05,400600
2022-06-24,3349.75,3356.71,3322.95,3324.74,390800
2022-06-27,3379.19,3393.31,3364.0,3364.0,414100
2022-06-28,3409.21,3412.1,3358.87,3377.68,412100
2022-06-29,3361.52,3414.65,3358.47,3399.68,440600
2022-06-30,3398.62,3417.01,3358.93,3358.93,381200
2022-07-01,3387.64,3404.05,3378.36,3400.26,350500
2022-07-04,3405.43,3405.62,3364.09,3381.82,357700
2022-07-05,3404.03,3424.84,3372.06,3411.13,411700
2022-07-06,3355.35,3391.03,3333.1,3391.03,384600
2022-07-07,3364.4,3375.86,3332.31,3353.13,334400
2022-07-08,3356.08,3386.31,3354.12,3380.37,322900
2022-07-11,3313.58,3341.1,3297.01,3341.1,342700
2022-07-12,3281.47,3319.25,3277.08,3307.22,334600
2022-07-13,3284.29,3297.02,3266.48,3279.6,331800
2022-07-14,3281.74,3299.25,3261.49,3277.45,355900
2022-07-15,3228.06,3288.92,3228.06,3261.38,380200
2022-07-18,3278.1,3278.47,3226.23,3235.09,348300
2022-07-19,3279.43,3283.93,3256.02,3278.72,315700
2022-07-20,3304.72,3308.35,3287.74,3291.55,301500
2022-07-21,3272.0,3300.53,3272.0,3297.66,332400
2022-07-22,3269.97,3293.64,3246.73,3276.2,300700
2022-07-25,3250.39,3273.18,3243.03,3269.71,271200
2022-07-26,3277.44,3282.41,3246.04,3254.19,259500
2022-07-27,3275.76,3282.57,3265.73,3271.78,249100
2022-07-28,3282.58,3305.71,3277.11,3287.5,288100
2022-07-29,3253.24,3294.8,3246.37,3282.81,307300
2022-08-01,3259.96,3264.3,3225.55,3246.62,292200
2022-08-02,3186.27,3231.26,3155.19,3231.26,394200
2022-08-03,3163.67,3217.55,3159.46,3188.89,324900
2022-08-04,3189.04,3191.0,3155.7,3179.43,260900
2022-08-05,3227.03,3228.89,3184.45,3195.23,274700
2022-08-08,3236.93,3237.97,3214.08,3218.85,254300
2022-08-09,3247.43,3248.77,3227.54,3235.74,259600
2022-08-10,3230.02,3253.17,3217.81,3242.36,257600
2022-08-11,3281.67,3281.67,3237.9,3243.47,300600
2022-08-12,3276.89,3288.22,3272.84,3275.77,299900
2022-08-15,3276.09,3286.89,3261.82,3268.37,287100
2022-08-16,3277.88,3295.02,3271.57,3278.68,303600
2022-08-17,3292.53,3296.0,3263.35,3282.1,326100
2022-08-18,3277.54,3289.14,3270.56,3286.37,301700
2022-08-19,3258.08,3286.49,3258.06,3275.62,333500
2022-08-22,3277.79,3278.17,3247.19,3249.7,314500
2022-08-23,3276.22,3284.6,3262.63,3274.43,316600
2022-08-24,3215.2,3281.88,3212.39,3279.17,366100
2022-08-25,3246.25,3248.35,3199.12,3223.46,336200
2022-08-26,3236.22,3266.27,3232.28,3250.63,309900
2022-08-29,3240.73,3240.73,3199.0,3203.1,297000
2022-08-30,3227.22,3243.75,3212.63,3240.18,294300
2022-08-31,3202.14,3232.02,3184.39,3216.53,344400
2022-09-01,3184.98,3214.56,3181.63,3196.54,274700
2022-09-02,3186.48,3198.28,3173.79,3189.64,250500
2022-09-05,3199.91,3199.91,3172.04,3183.95,280700
2022-09-06,3243.45,3244.64,3203.82,3207.93,318900
2022-09-07,3246.29,3253.77,3227.82,3232.14,301000
2022-09-08,3235.59,3253.7,3233.8,3245.56,281700
2022-09-09,3262.05,3266.2,3236.51,3241.18,283800
2022-09-13,3263.8,3278.17,3259.66,3272.05,276200
2022-09-14,3237.54,3250.8,3221.96,3224.68,255200
2022-09-15,3199.92,3254.18,3174.39,3248.97,325200
2022-09-16,3126.4,3191.83,3126.4,3189.83,316500
2022-09-19,3115.6,3135.56,3101.22,3122.75,249100
2022-09-20,3122.41,3140.03,3114.04,3127.84,219900
2022-09-21,3117.18,3129.82,3091.3,3116.01,233000
2022-09-22,3108.91,3125.68,3092.82,3098.77,221100
2022-09-23,3088.37,3124.66,3072.24,3106.81,243100
2022-09-26,3051.23,3102.65,3048.51,3067.57,262700
2022-09-27,3093.86,3094.04,3048.37,3056.39,232700
2022-09-28,3045.07,3089.1,3044.86,3089.1,230100
2022-09-29,3041.2,3076.76,3026.08,3067.47,230000
2022-09-30,3024.39,3054.61,3021.93,3042.17,204100
2022-10-10,2974.15,3029.45,2968.28,3026.94,243400
2022-10-11,2979.79,2986.91,2953.5,2978.06,208600
2022-10-12,3025.51,3025.51,2934.09,2976.72,248000
2022-10-13,3016.36,3036.25,3004.5,3008.3,249700
2022-10-14,3071.99,3084.27,3035.03,3035.03,277300
2022-10-17,3084.94,3087.19,3052.71,3060.52,262600
2022-10-18,3080.96,3099.92,3074.22,3094.93,245600
2022-10-19,3044.38,3081.39,3044.38,3073.26,230900
2022-10-20,3035.05,3070.26,3013.69,3029.3,244700
2022-10-21,3038.93,3055.42,3026.96,3038.04,245300
2022-10-24,2977.56,3064.42,2965.17,3034.75,298100
2022-10-25,2976.28,3001.72,2944.26,2969.16,255600
2022-10-26,2999.5,3028.35,2977.56,2977.56,268700
2022-10-27,2982.9,3017.26,2981.69,3005.04,265600
2022-10-28,2915.93,2974.24,2908.98,2967.02,292500
2022-10-31,2893.48,2926.02,2885.09,2893.2,302000
2022-11-01,2969.2,2969.2,2896.76,2899.5,319800
2022-11-02,3003.37,3019.05,2954.95,2960.65,325100
2022-11-03,2997.81,3003.72,2977.72,2981.2,259300
2022-11-04,3070.8,3081.59,2997.0,2997.0,329800
2022-11-07,3077.82,3088.19,3054.46,3062.86,320600
2022-11-08,3064.49,3078.28,3047.46,3077.31,256500
2022-11-09,3048.17,3073.92,3046.19,3064.46,235600
2022-11-10,3036.13,3047.98,3022.85,3031.69,270400
2022-11-11,3087.29,3117.74,3070.3,3099.65,409600
2022-11-14,3083.4,3121.41,3075.22,3100.87,361800
2022-11-15,3134.08,3135.59,3074.5,3081.13,331500
2022-11-16,3119.98,3145.75,3115.35,3133.65,303400
2022-11-17,3115.43,3115.44,3087.17,3110.96,287000
2022-11-18,3097.24,3126.71,3096.89,3116.73,300000
2022-11-21,3085.04,3085.24,3056.17,3078.06,256000
2022-11-22,3088.94,3118.12,3076.32,3084.23,327600
2022-11-23,3096.91,3108.24,3075.32,3084.74,326200
2022-11-24,3089.31,3113.24,3084.85,3104.1,267500
2022-11-25,3101.69,3111.42,3077.97,3085.46,311400
2022-11-28,3078.55,3080.18,3034.7,3055.29,305800
2022-11-29,3149.75,3152.0,3096.11,3096.11,391400
2022-11-30,3151.34,3158.57,3137.37,3141.4,372700
2022-12-01,3165.47,3198.41,3164.53,3187.99,387000
2022-12-02,3156.14,3170.9,3149.84,3160.58,307800
2022-12-05,3211.81,3213.44,3177.06,3181.92,447400
2022-12-06,3212.53,3224.82,3195.08,3200.28,373600
2022-12-07,3199.62,3226.08,3188.67,3204.94,354100
2022-12-08,3197.35,3206.72,3187.26,3196.02,321000
2022-12-09,3206.95,3212.11,3182.91,3197.12,373300
2022-12-12,3179.04,3196.72,3176.58,3195.87,333400
2022-12-13,3176.33,3187.2,3171.48,3179.44,285800
2022-12-14,3176.53,3189.84,3168.59,3178.55,265600
2022-12-15,3168.65,3179.1,3158.45,3177.2,243000
2022-12-16,3167.86,3175.35,3151.61,3156.14,259800
2022-12-19,3107.12,3170.26,3096.1,3165.31,278500
2022-12-20,3073.77,3100.75,3061.51,3098.95,218800
2022-12-21,3068.41,3085.8,3060.55,3078.33,189100
2022-12-22,3054.43,3096.24,3044.6,3085.8,223600
2022-12-23,3045.87,3061.87,3031.54,3038.84,192000
2022-12-26,3065.56,3071.84,3047.35,3048.2,206500
2022-12-27,3095.57,3098.08,3074.31,3077.75,222200
2022-12-28,3087.4,3098.65,3079.43,3088.62,224600
2022-12-29,3073.7,3086.0,3064.46,3076.73,215600
2022-12-30,3089.26,3096.31,3082.2,3084.52,217500
2023-01-03,3116.51,3119.86,3073.05,3087.51,281400
2023-01-04,3123.52,3129.09,3109.45,3117.57,273300
2023-01-05,3155.22,3159.43,3130.23,3132.76,257000
2023-01-06,3157.64,3170.74,3151.84,3155.07,257400
2023-01-09,3176.08,3183.58,3165.43,3169.37,258100
2023-01-10,3169.51,3178.16,3165.14,3178.02,233000
2023-01-11,3161.84,3184.76,3160.89,3172.38,237700
2023-01-12,3163.45,3171.59,3153.4,3167.27,216700
2023-01-13,3195.31,3195.31,3167.51,3170.35,220200
2023-01-16,3227.59,3251.37,3197.32,3198.52,306700
2023-01-17,3224.24,3231.26,3211.76,3229.44,226600
2023-01-18,3224.41,3234.82,3220.37,3227.59,212100
2023-01-19,3240.28,3240.28,3210.38,3221.52,226500
2023-01-20,3264.81,3267.06,3247.2,3247.2,273200
2023-01-30,3269.32,3310.49,3266.76,3308.87,353300
2023-01-31,3255.67,3277.25,3252.01,3266.14,300200
2023-02-01,3284.92,3284.92,3245.41,3262.2,339500
2023-02-02,3285.67,3295.76,3272.41,3291.78,333400
2023-02-03,3263.41,3275.66,3235.35,3275.66,293300
2023-02-06,3238.7,3250.35,3226.21,3244.7,267100
2023-02-07,3248.09,3250.03,3233.83,3245.23,250900
2023-02-08,3232.11,3257.11,3230.44,3251.5,234500
2023-02-09,3270.38,3270.38,3225.77,3227.73,254800
2023-02-10,3260.67,3269.99,3247.23,3266.44,260600
2023-02-13,3284.16,3285.09,3252.63,3256.99,297200
2023-02-14,3293.28,3293.73,3279.19,3288.97,271000
2023-02-15,3280.49,3296.2,3274.55,3294.02,269900
2023-02-16,3249.03,3308.83,3231.34,3281.74,380900
2023-02-17,3224.02,3262.47,3223.26,3244.73,278500
2023-02-20,3290.34,3291.04,3225.84,3230.47,325000
2023-02-21,3306.52,3308.79,3282.44,3291.63,324400
2023-02-22,3291.15,3307.03,3286.72,3292.05,255400
2023-02-23,3287.48,3307.44,3275.36,3293.52,262300
2023-02-24,3267.16,3288.39,3253.97,3287.26,234200
2023-02-27,3258.03,3276.58,3251.72,3257.0,242900
2023-02-28,3279.61,3280.42,3246.14,3265.74,251600
2023-03-01,3312.35,3315.16,3272.04,3279.14,318400
2023-03-02,3310.65,3320.74,3306.46,3308.01,328500
2023-03-03,3328.39,3330.6,3302.62,3314.77,344000
2023-03-06,3322.03,3333.06,3308.73,3332.02,340500
2023-03-07,3285.1,3342.86,3284.41,3320.21,390000
2023-03-08,3283.25,3283.25,3263.69,3271.88,260400
2023-03-09,3276.09,3289.06,3260.0,3285.94,264000
2023-03-10,3230.08,3262.15,3229.5,3255.51,281100
2023-03-13,3268.7,3268.7,3228.12,3228.12,294900
2023-03-14,3245.31,3262.0,3216.99,3261.92,319900
2023-03-15,3263.31,3273.12,3256.86,3261.03,305200
2023-03-16,3226.89,3257.43,3224.72,3244.47,327400
2023-03-17,3250.55,3279.92,3240.16,3245.26,343000
2023-03-20,3234.91,3267.99,3231.65,3253.93,392500
2023-03-21,3255.65,3256.0,3237.89,3240.84,301800
2023-03-22,3265.75,3279.39,3255.74,3263.41,290800
2023-03-23,3286.65,3286.65,3252.99,3258.78,306100
2023-03-24,3265.65,3282.74,3260.84,3282.74,324500
2023-03-27,3251.4,3261.82,3229.7,3261.82,337900
2023-03-28,3245.38,3264.1,3241.74,3256.6,295700
2023-03-29,3240.06,3254.56,3229.58,3253.62,296900
2023-03-30,3261.25,3263.74,3220.98,3243.07,299900
2023-03-31,3272.86,3278.42,3260.04,3263.41,283600
2023-04-03,3296.4,3299.73,3276.42,3277.34,357700
2023-04-04,3312.56,3312.56,3290.99,3297.18,385900
2023-04-06,3312.63,3314.53,3296.06,3302.75,327200
2023-04-07,3327.65,3328.85,3308.06,3312.48,283000
2023-04-10,3315.36,3332.72,3309.92,3331.51,340800
2023-04-11,3313.57,3317.45,3298.25,3317.08,320600
2023-04-12,3327.18,3330.71,3315.4,3316.86,343000
2023-04-13,3318.36,3334.47,3309.25,3321.27,347900
2023-04-14,3338.15,3340.08,3316.81,3326.37,338300
2023-04-17,3385.61,3385.61,3336.39,3337.06,402800
2023-04-18,3393.33,3396.17,3375.78,3379.23,348400
2023-04-19,3370.13,3394.96,3364.64,3391.35,346100
2023-04-20,3367.03,3371.37,3344.02,3367.05,350400
2023-04-21,3301.26,3367.61,3301.26,3364.0,387400
2023-04-24,3275.41,3303.09,3264.93,3300.81,354300
2023-04-25,3264.87,3288.57,3229.45,3276.4,380900
2023-04-26,3264.1,3277.98,3239.99,3255.22,357900
2023-04-27,3285.88,3299.3,3253.11,3256.23,341600
2023-04-28,3323.27,3324.88,3283.12,3283.12,401600
2023-05-04,3350.46,3352.75,3302.03,3306.48,483400
2023-05-05,3334.5,3364.14,3321.19,3350.65,436500
2023-05-08,3395.0,3400.18,3340.99,3340.99,534100
2023-05-09,3357.67,3418.95,3356.12,3402.39,573000
2023-05-10,3319.15,3349.72,3305.25,3347.7,451700
2023-05-11,3309.55,3333.25,3307.29,3323.66,354300
2023-05-12,3272.36,3319.13,3271.43,3304.46,347300
2023-05-15,3310.74,3310.74,3235.87,3269.88,388000
2023-05-16,3290.99,3317.9,3282.49,3310.16,322500
2023-05-17,3284.23,3298.52,3269.89,3281.97,285700
2023-05-18,3297.32,3313.86,3284.17,3288.41,310000
2023-05-19,3283.54,3302.34,3268.22,3288.89,285400
2023-05-22,3296.47,3308.53,3276.54,3278.6,273900
2023-05-23,3246.24,3298.23,3246.24,3294.79,275300
2023-05-24,3204.75,3237.7,3204.38,3237.7,288700
2023-05-25,3201.26,3207.02,3168.57,3197.36,283600
2023-05-26,3212.5,3220.77,3179.82,3198.88,261700
2023-05-29,3221.45,3230.97,3208.96,3219.76,297400
2023-05-30,3224.21,3230.63,3186.63,3214.67,303500
2023-05-31,3204.56,3216.36,3190.27,3214.66,294600
2023-06-01,3204.63,3225.09,3189.52,3196.15,312300
2023-06-02,3230.07,3233.99,3211.74,3212.45,294700
2023-06-05,3232.44,3244.18,3221.63,3231.81,278100
2023-06-06,3195.34,3247.35,3189.27,3228.41,308300
2023-06-07,3197.76,3210.33,3188.01,3197.47,258100
2023-06-08,3213.59,3225.53,3180.54,3194.83,293500
2023-06-09,3231.41,3231.41,3206.1,3213.03,314200
2023-06-12,3228.83,3239.44,3210.71,3225.3,313800
2023-06-13,3233.67,3235.09,3215.5,3223.9,280600
2023-06-14,3228.99,3248.46,3226.77,3238.12,303500
2023-06-15,3252.98,3252.98,3229.15,3230.45,313300
2023-06-16,3273.33,3276.55,3255.5,3256.3,326300
2023-06-19,3255.81,3271.16,3251.78,3271.16,327800
2023-06-20,3240.36,3252.84,3237.79,3252.54,298300
2023-06-21,3197.9,3236.36,3197.9,3230.11,294400
2023-06-26,3150.62,3181.08,3144.25,3177.23,308100
2023-06-27,3189.44,3194.41,3148.27,3153.31,287600
2023-06-28,3189.38,3192.66,3157.12,3183.49,276200
2023-06-29,3182.38,3196.5,3179.53,3185.42,250300
2023-06-30,3202.06,3212.99,3177.99,3178.92,265400
2023-07-03,3243.98,3246.86,3209.16,3209.16,312400
2023-07-04,3245.35,3246.96,3233.99,3241.23,279200
2023-07-05,3222.95,3241.84,3218.6,3240.05,264000
2023-07-06,3205.57,3229.48,3199.72,3215.86,246100
2023-07-07,3196.61,3212.05,3189.21,3197.47,255700
2023-07-10,3203.7,3216.53,3192.66,3208.73,236600
2023-07-11,3221.37,3221.68,3200.38,3211.12,227600
2023-07-12,3196.13,3224.33,3193.44,3220.38,271400
2023-07-13,3236.48,3238.47,3202.7,3202.7,276600
2023-07-14,3237.7,3248.38,3234.0,3240.97,273300
2023-07-17,3209.63,3219.02,3195.89,3219.02,250200
2023-07-18,3197.82,3210.25,3190.0,3206.79,235000
2023-07-19,3198.84,3204.36,3181.56,3195.01,217400
2023-07-20,3169.52,3209.06,3165.67,3201.91,238900
2023-07-21,3167.75,3185.64,3157.33,3163.42,225300
2023-07-24,3164.16,3178.73,3151.13,3157.47,216600
2023-07-25,3231.52,3231.75,3201.46,3201.46,348600
2023-07-26,3223.03,3229.89,3212.88,3228.09,317200
2023-07-27,3216.67,3245.6,3210.47,3225.48,327100
2023-07-28,3275.93,3280.28,3200.99,3206.74,411100
2023-07-31,3291.04,3322.13,3281.01,3287.21,459000
2023-08-01,3290.95,3305.34,3279.57,3288.76,459900
2023-08-02,3261.69,3290.82,3252.3,3281.86,405300
2023-08-03,3280.46,3280.86,3247.27,3254.56,384700
2023-08-04,3288.08,3315.05,3281.73,3296.09,470900
2023-08-07,3268.83,3276.78,3258.54,3276.78,360300
2023-08-08,3260.62,3274.52,3246.67,3260.72,316500
2023-08-09,3244.49,3257.08,3240.29,3251.15,271200
2023-08-10,3254.56,3257.03,3234.12,3242.21,287400
2023-08-11,3189.25,3254.48,3189.25,3254.48,330100
2023-08-14,3178.43,3180.51,3141.66,3159.71,299800
2023-08-15,3176.18,3186.23,3147.35,3180.56,273300
2023-08-16,3150.13,3176.63,3149.72,3164.7,281700
2023-08-17,3163.74,3167.45,3123.25,3137.35,294700
2023-08-18,3131.95,3179.12,3131.95,3165.1,294400
2023-08-21,3092.98,3134.96,3092.98,3125.99,265800
2023-08-22,3120.33,3126.78,3074.53,3103.78,309300
2023-08-23,3078.4,3116.38,3077.61,3116.27,272200
2023-08-24,3082.24,3106.18,3072.95,3085.91,300000
2023-08-25,3064.07,3085.05,3053.04,3068.62,225200
2023-08-28,3098.64,3219.04,3089.12,3219.04,485600
2023-08-29,3135.89,3145.76,3090.44,3091.94,398900
2023-08-30,3137.14,3153.69,3126.9,3144.41,347500
2023-08-31,3119.88,3139.98,3113.95,3134.55,313400
2023-09-01,3133.25,3143.85,3123.19,3126.02,292300
2023-09-04,3177.06,3177.06,3143.38,3145.94,366400
2023-09-05,3154.37,3169.74,3150.08,3169.74,294100
2023-09-06,3158.08,3162.15,3136.9,3147.14,267000
2023-09-07,3122.35,3152.27,3120.82,3152.2,269300
2023-09-08,3116.72,3126.04,3104.67,3114.23,228100
2023-09-11,3142.78,3155.1,3113.82,3119.61,290400
2023-09-12,3137.06,3147.51,3134.32,3140.34,234700
2023-09-13,3123.07,3143.76,3106.97,3137.77,249700
2023-09-14,3126.55,3135.03,3111.86,3124.85,264000
2023-09-15,3117.74,3141.96,3107.45,3133.59,292000
2023-09-18,3125.93,3128.7,3098.5,3110.44,259400
2023-09-19,3124.96,3131.13,3113.53,3123.99,253700
2023-09-20,3108.57,3122.13,3108.16,3118.67,228100
2023-09-21,3084.7,3113.49,3084.7,3103.18,228700
2023-09-22,3132.43,3132.56,3078.8,3084.76,286000
2023-09-25,3115.61,3131.21,3112.15,3131.21,258100
2023-09-26,3102.27,3120.29,3102.27,3114.02,222600
2023-09-27,3107.32,3125.45,3103.84,3104.04,240500
2023-09-28,3110.48,3121.83,3105.94,3117.75,236300
2023-10-09,3096.92,3103.36,3072.64,3100.0,264400
2023-10-10,3075.24,3109.98,3073.19,3104.37,255300
2023-10-11,3078.96,3095.66,3071.94,3085.7,259900
2023-10-12,3107.9,3109.99,3092.18,3101.71,274800
2023-10-13,3088.1,3094.92,3080.55,3092.0,255100
2023-10-16,3073.81,3091.13,3063.69,3091.06,263900
2023-10-17,3083.5,3084.07,3064.89,3076.43,259000
2023-10-18,3058.71,3076.58,3057.06,3076.58,268600
2023-10-19,3005.39,3043.2,3004.77,3043.2,304000
2023-10-20,2983.06,3006.27,2977.17,2995.36,267100
2023-10-23,2939.29,2973.66,2923.51,2969.79,278900
2023-10-24,2962.24,2964.76,2929.09,2944.31,311000
2023-10-25,2974.11,2993.29,2972.42,2986.41,332400
2023-10-26,2988.3,2990.33,2956.01,2960.1,291800
2023-10-27,3017.78,3029.21,2974.88,2978.4,321800
2023-10-30,3021.55,3028.26,3002.35,3009.61,360600
2023-10-31,3018.77,3023.0,3006.61,3019.65,319900
2023-11-01,3023.08,3038.33,3013.93,3038.18,280100
2023-11-02,3009.41,3038.64,3009.12,3028.67,268800
2023-11-03,3030.8,3040.98,3012.47,3012.47,268500
2023-11-06,3058.41,3058.99,3037.69,3047.13,372900
2023-11-07,3057.27,3064.58,3042.47,3052.92,326900
2023-11-08,3052.37,3062.99,3037.29,3051.15,335700
2023-11-09,3053.28,3063.47,3045.83,3047.65,315600
2023-11-10,3038.97,3044.0,3027.09,3043.56,285500
2023-11-13,3046.53,3048.62,3028.17,3044.03,290400
2023-11-14,3056.07,3059.53,3044.43,3046.82,294800
2023-11-15,3072.83,3080.13,3064.35,3077.03,304300
2023-11-16,3050.93,3071.45,3050.93,3066.85,271100
2023-11-17,3054.37,3055.86,3033.75,3043.62,267600
2023-11-20,3068.32,3072.51,3043.51,3056.93,287600
2023-11-21,3067.93,3089.77,3063.34,3074.83,330700
2023-11-22,3043.61,3067.96,3043.61,3060.5,289100
2023-11-23,3061.86,3062.87,3034.3,3041.68,276600
2023-11-24,3040.97,3060.33,3037.2,3060.33,287800
2023-11-27,3031.7,3038.36,3015.01,3038.19,310500
2023-11-28,3038.55,3039.69,3020.23,3028.6,268900
2023-11-29,3021.69,3038.98,3017.66,3038.46,278000
2023-11-30,3029.67,3030.91,3013.77,3021.1,282900
2023-12-01,3031.64,3035.76,3010.23,3027.35,286100
2023-12-04,3022.91,3038.98,3022.35,3033.3,288200
2023-12-05,2972.3,3017.01,2972.3,3017.01,293900
2023-12-06,2968.93,2985.31,2959.6,2966.95,294100
2023-12-07,2966.21,2976.01,2949.14,2965.65,296200
2023-12-08,2969.56,2980.83,2962.33,2965.39,369100
2023-12-11,2991.44,2995.67,2930.42,2956.29,360200
2023-12-12,3003.44,3003.75,2980.45,2986.33,287600
2023-12-13,2968.76,2997.34,2968.76,2997.34,282800
2023-12-14,2958.99,2986.18,2958.07,2979.7,271500
2023-12-15,2942.56,2976.31,2940.03,2966.3,289300
2023-12-18,2930.8,2951.15,2924.33,2936.58,293100
2023-12-19,2932.39,2940.5,2914.12,2928.76,265900
2023-12-20,2902.11,2937.1,2902.04,2932.12,265600
2023-12-21,2918.72,2924.26,2882.02,2892.02,282500
2023-12-22,2914.77,2935.7,2906.51,2919.29,296600
2023-12-25,2918.81,2920.63,2903.99,2909.88,229800
2023-12-26,2898.88,2917.97,2892.84,2917.97,228100
2023-12-27,2914.61,2917.96,2890.17,2900.15,247900
2023-12-28,2954.7,2961.65,2909.39,2913.11,339200
2023-12-29,2974.94,2975.03,2950.02,2950.84,290700
2024-01-02,2962.28,2976.27,2962.28,2972.77,304100
2024-01-03,2967.25,2971.28,2953.29,2957.11,285500
2024-01-04,2954.35,2966.68,2936.64,2965.51,265000
2024-01-05,2929.18,2967.97,2916.72,2949.82,301000
2024-01-08,2887.54,2924.46,2887.54,2923.46,270300
2024-01-09,2893.25,2900.73,2878.41,2887.11,263000
2024-01-10,2877.7,2903.16,2870.42,2886.98,244000
2024-01-11,2886.65,2896.18,2867.72,2873.8,267100
2024-01-12,2881.98,2904.17,2878.88,2880.04,261600
2024-01-15,2886.29,2904.46,2869.22,2872.56,244600
2024-01-16,2893.99,2896.68,2861.13,2881.56,286300
2024-01-17,2833.61,2887.49,2833.61,2887.29,261300
2024-01-18,2845.78,2849.26,2760.98,2822.67,390400
2024-01-19,2832.28,2849.88,2822.84,2836.98,266700
2024-01-22,2756.34,2828.32,2735.37,2826.5,350200
2024-01-23,2770.98,2784.84,2724.16,2746.89,308700
2024-01-24,2820.77,2823.7,2743.4,2782.14,369100
2024-01-25,2906.11,2906.79,2821.71,2823.83,442000
2024-01-26,2910.22,2924.31,2890.48,2897.92,421100
2024-01-29,2883.36,2923.9,2883.33,2910.61,410600
2024-01-30,2830.53,2881.35,2829.25,2866.28,335700
2024-01-31,2788.55,2834.01,2782.59,2815.5,377100
2024-02-01,2770.74,2805.01,2752.78,2773.42,352900
2024-02-02,2730.15,2791.68,2666.33,2773.29,426200
2024-02-05,2702.19,2739.74,2635.09,2716.08,479000
2024-02-06,2789.49,2802.93,2669.67,2680.49,502800
2024-02-07,2829.7,2829.7,2770.53,2791.51,547100
2024-02-08,2865.9,2867.47,2827.9,2832.49,531100
2024-02-19,2910.54,2910.54,2867.71,2886.59,459000
2024-02-20,2922.73,2927.31,2887.47,2902.88,350100
2024-02-21,2950.96,2994.61,2898.05,2906.02,444200
2024-02-22,2988.36,2988.36,2944.5,2945.45,354100
2024-02-23,3004.88,3009.14,2979.97,2992.91,380100
2024-02-26,2977.02,3009.48,2967.06,3002.12,409000
2024-02-27,3015.48,3015.48,2961.15,2966.42,373000
2024-02-28,2957.85,3031.49,2957.85,3016.26,544100
2024-02-29,3015.17,3015.17,2943.62,2943.62,409700
2024-03-01,3027.02,3032.23,3003.76,3013.82,379100
2024-03-04,3039.31,3040.34,3007.68,3026.61,387800
2024-03-05,3047.79,3052.54,3022.18,3027.1,383500
2024-03-06,3039.93,3060.56,3034.35,3041.75,341000
2024-03-07,3027.4,3063.69,3023.12,3040.21,377200
2024-03-08,3046.02,3049.19,3016.9,3026.17,319200
2024-03-11,3068.46,3068.46,3035.45,3042.62,356500
2024-03-12,3055.94,3075.13,3044.86,3068.18,415700
2024-03-13,3043.83,3061.95,3031.9,3053.34,365000
2024-03-14,3038.23,3060.0,3020.64,3042.41,364100
2024-03-15,3054.64,3056.45,3023.22,3031.52,360300
2024-03-18,3084.93,3085.31,3055.92,3057.21,406700
2024-03-19,3062.76,3090.05,3062.63,3077.98,384100
2024-03-20,3079.69,3081.75,3056.65,3058.65,349200
2024-03-21,3077.11,3090.05,3069.27,3084.41,366900
2024-03-22,3048.03,3073.21,3027.76,3070.55,394700
2024-03-25,3026.31,3065.26,3026.31,3040.5,387500
2024-03-26,3031.48,3036.49,3006.26,3026.92,345900
2024-03-27,2993.14,3030.45,2993.14,3026.81,343200
2024-03-28,3010.66,3033.37,2984.12,2988.59,353200
2024-03-29,3041.17,3041.3,3008.17,3008.38,334800
2024-04-01,3077.38,3078.49,3049.02,3049.02,375400
2024-04-02,3074.96,3085.54,3063.98,3076.88,367300
2024-04-03,3069.3,3079.02,3057.4,3074.89,363200
2024-04-08,3047.05,3077.35,3045.47,3057.33,402900
2024-04-09,3048.54,3051.58,3033.21,3044.61,333500
2024-04-10,3027.33,3049.61,3013.59,3045.96,349000
2024-04-11,3034.25,3050.34,3009.9,3013.57,340900
2024-04-12,3019.47,3043.56,3014.83,3035.58,334200
2024-04-15,3057.38,3066.94,2995.54,3013.67,461200
2024-04-16,3007.07,3052.44,3005.34,3043.55,448100
2024-04-17,3071.38,3071.38,3002.06,3008.06,413400
2024-04-18,3074.23,3102.55,3057.76,3060.03,416300
2024-04-19,3065.26,3080.32,3055.06,3060.3,375500
2024-04-22,3044.59,3078.42,3042.54,3059.06,357200
2024-04-23,3021.98,3044.94,3016.52,3038.61,325600
2024-04-24,3044.82,3045.64,3019.12,3029.4,305300
2024-04-25,3052.9,3060.26,3034.65,3037.93,292300
2024-04-26,3088.64,3092.43,3054.98,3054.98,439400
2024-04-29,3113.04,3119.69,3080.59,3086.68,506900
2024-04-30,3104.82,3123.29,3104.29,3110.16,440200
2024-05-06,3140.72,3142.38,3126.77,3132.51,450700
2024-05-07,3147.74,3151.22,3133.69,3139.66,379100
2024-05-08,3128.48,3144.99,3126.17,3141.49,334000
2024-05-09,3154.32,3158.47,3128.16,3128.16,360900
2024-05-10,3154.55,3163.14,3137.15,3158.59,384300
2024-05-13,3148.02,3157.37,3126.17,3139.48,397000
2024-05-14,3145.77,3155.81,3137.61,3148.85,343500
2024-05-15,3119.9,3142.97,3117.93,3141.25,321000
2024-05-16,3122.4,3137.88,3116.16,3127.18,367400
2024-05-17,3154.03,3154.03,3116.78,3121.71,383900
2024-05-20,3171.15,3174.27,3155.99,3156.15,426900
2024-05-21,3157.97,3165.22,3148.34,3164.68,335800
2024-05-22,3158.54,3166.92,3152.46,3157.19,354100
2024-05-23,3116.39,3150.63,3110.28,3149.88,353900
2024-05-24,3088.87,3130.43,3087.79,3110.75,306500
2024-05-27,3124.04,3125.51,3091.99,3094.14,319400
2024-05-28,3109.57,3130.31,3106.36,3122.39,310100
2024-05-29,3111.02,3128.14,3100.98,3108.03,290000
2024-05-30,3091.68,3121.22,3085.38,3103.71,302400
2024-05-31,3086.81,3107.6,3086.81,3094.76,276100
2024-06-03,3078.49,3097.2,3061.28,3085.98,357600
2024-06-04,3091.2,3095.32,3063.59,3071.32,309300
2024-06-05,3065.4,3092.35,3064.74,3086.05,290500
2024-06-06,3048.79,3077.67,3040.83,3069.44,369900
2024-06-07,3051.28,3065.02,3031.04,3053.92,316300
2024-06-11,3028.04,3043.2,3013.86,3042.13,310500
2024-06-12,3037.47,3042.04,3021.31,3025.3,279500
2024-06-13,3028.92,3040.4,3022.82,3038.09,297900
2024-06-14,3032.63,3037.91,3011.58,3020.96,348700
2024-06-17,3015.89,3026.62,3012.04,3017.72,295800
2024-06-18,3030.25,3031.98,3012.52,3015.07,273600
2024-06-19,3018.05,3030.23,3015.33,3029.1,261300
2024-06-20,3005.44,3028.51,3001.77,3015.72,295500
2024-06-21,2998.14,3011.91,2985.93,2998.24,255000
2024-06-24,2963.1,2990.64,2960.13,2982.83,298700
2024-06-25,2950.0,2971.65,2935.54,2962.76,273200
2024-06-26,2972.52,2976.67,2933.33,2943.45,282400
2024-06-27,2945.85,2963.06,2944.9,2962.7,270500
2024-06-28,2967.4,2985.47,2939.98,2940.3,315200
2024-07-01,2994.73,2996.41,2961.86,2965.25,297800
2024-07-02,2997.01,3004.99,2989.47,2992.86,281400
2024-07-03,2982.38,2998.54,2978.07,2995.66,246300
2024-07-04,2957.57,2995.57,2955.29,2984.83,274300
2024-07-05,2949.93,2957.11,2920.21,2954.37,272300
2024-07-08,2922.45,2947.61,2917.23,2939.84,277500
2024-07-09,2959.37,2963.78,2904.04,2919.57,315100
2024-07-10,2939.36,2958.86,2935.33,2949.03,301500
2024-07-11,2970.39,2971.36,2947.4,2957.25,328400
2024-07-12,2971.29,2977.14,2963.3,2965.61,303700
2024-07-15,2974.01,2977.31,2959.13,2963.85,269000
2024-07-16,2976.3,2977.36,2959.67,2963.9,260800
2024-07-17,2962.85,2972.79,2957.95,2970.81,282300
2024-07-18,2977.13,2978.09,2937.91,2951.14,278000
2024-07-19,2982.31,2986.24,2955.12,2963.51,280900
2024-07-22,2964.22,2978.6,2946.56,2978.19,278700
2024-07-23,2915.37,2960.5,2915.37,2960.5,296300
2024-07-24,2901.95,2922.03,2894.29,2909.15,306100
2024-07-25,2886.74,2897.77,2872.85,2891.89,274600
2024-07-26,2890.9,2899.12,2875.4,2886.0,278400
2024-07-29,2891.84,2898.95,2878.58,2889.47,256900
2024-07-30,2879.3,2885.22,2865.15,2885.22,262500
2024-07-31,2938.75,2940.59,2876.3,2877.54,412700
2024-08-01,2932.39,2947.88,2928.83,2940.12,346600
2024-08-02,2905.34,2931.26,2902.72,2913.02,312200
2024-08-05,2860.7,2919.02,2860.7,2889.36,355500
2024-08-06,2867.28,2888.2,2845.33,2878.65,297300
2024-08-07,2869.83,2886.94,2857.73,2864.01,263100
2024-08-08,2869.9,2886.4,2850.88,2864.76,289100
2024-08-09,2862.19,2887.85,2862.19,2879.87,284300
2024-08-12,2858.21,2869.27,2851.29,2858.9,244200
2024-08-13,2867.95,2867.95,2845.31,2860.41,231700
2024-08-14,2850.65,2866.24,2850.4,2866.24,217900
2024-08-15,2877.36,2889.09,2839.39,2844.2,271900
2024-08-16,2879.43,2888.68,2873.06,2877.94,263700
2024-08-19,2893.67,2905.16,2877.77,2877.95,261700
2024-08-20,2866.66,2896.52,2855.33,2895.55,263700
2024-08-21,2856.58,2863.89,2848.15,2858.94,229200
2024-08-22,2848.77,2861.61,2845.5,2856.2,245400
2024-08-23,2854.37,2860.73,2839.34,2844.77,226700
2024-08-26,2855.52,2860.66,2844.38,2855.47,227400
2024-08-27,2848.73,2853.78,2843.16,2850.88,230700
2024-08-28,2837.43,2852.56,2830.96,2844.33,228700
2024-08-29,2823.11,2831.43,2815.38,2829.45,277500
2024-08-30,2842.21,2867.97,2817.01,2819.65,397500
2024-09-02,2811.03,2839.28,2810.37,2832.35,340700
2024-09-03,2802.98,2814.9,2794.91,2809.17,275700
2024-09-04,2784.28,2800.61,2781.94,2786.5,257500
2024-09-05,2788.31,2796.02,2777.47,2785.26,242000
2024-09-06,2765.81,2804.09,2765.64,2791.76,253600
2024-09-09,2736.49,2756.56,2726.97,2754.72,261500
2024-09-10,2744.19,2750.12,2718.63,2737.88,262200
2024-09-11,2721.79,2732.73,2710.62,2732.73,242300
2024-09-12,2717.12,2734.68,2716.55,2722.14,240100
2024-09-13,2704.09,2728.78,2703.37,2718.99,251300
2024-09-18,2717.28,2724.11,2689.7,2705.34,247800
2024-09-19,2736.02,2747.74,2697.78,2723.21,315200
2024-09-20,2736.81,2741.16,2717.95,2734.23,285600
2024-09-23,2748.92,2760.48,2731.36,2735.39,257600
2024-09-24,2863.13,2863.15,2761.37,2770.75,477600
2024-09-25,2896.31,2952.45,2889.05,2901.42,568300
2024-09-26,3000.95,3000.95,2889.01,2893.75,576300
2024-09-27,3087.53,3087.53,3017.45,3049.1,492300
2024-09-30,3336.5,3358.59,3153.7,3194.72,1102300
2024-10-08,3489.77,3674.41,3372.19,3674.41,1313500
2024-10-09,3258.86,3437.16,3249.16,3427.22,992800
2024-10-10,3301.93,3379.8,3228.12,3277.69,834500
2024-10-11,3217.74,3297.75,3187.99,3287.87,606000
2024-10-14,3284.32,3294.62,3203.9,3241.43,631500
2024-10-15,3201.29,3285.22,3201.29,3265.75,566100
2024-10-16,3202.95,3236.85,3167.74,3169.17,515800
2024-10-17,3169.38,3241.57,3169.38,3220.73,528600
2024-10-18,3261.56,3313.98,3152.82,3165.98,693000
2024-10-21,3268.11,3300.66,3239.1,3276.06,668200
2024-10-22,3285.87,3294.96,3255.14,3263.82,574900
2024-10-23,3302.8,3331.08,3277.07,3285.25,650400
2024-10-24,3280.26,3292.95,3266.88,3287.82,519800
2024-10-25,3299.7,3319.36,3276.13,3280.76,595700
2024-10-28,3322.2,3322.2,3279.72,3300.46,672400
2024-10-29,3286.41,3340.46,3284.21,3328.09,725300
2024-10-30,3266.24,3291.68,3244.81,3273.64,669000
2024-10-31,3279.82,3295.74,3252.39,3267.98,784600
2024-11-01,3272.01,3305.32,3258.74,3275.58,852100
2024-11-04,3310.21,3310.21,3263.84,3275.68,665100
2024-11-05,3386.99,3386.99,3302.05,3306.81,821100
2024-11-06,3383.81,3421.0,3367.08,3395.22,895900
2024-11-07,3470.66,3470.66,3356.26,3359.99,959600
2024-11-08,3452.3,3509.82,3443.19,3502.13,964000
2024-11-11,3470.07,3471.12,3416.73,3432.37,818000
2024-11-12,3421.97,3489.42,3402.04,3469.89,817900
2024-11-13,3439.28,3442.3,3404.52,3406.92,673700
2024-11-14,3379.84,3441.77,3376.15,3429.5,631600
2024-11-15,3330.73,3391.32,3330.73,3369.81,630300
2024-11-18,3323.85,3386.9,3309.01,3344.69,744000
2024-11-19,3346.01,3346.76,3284.13,3324.88,625000
2024-11-20,3367.99,3375.25,3333.0,3337.68,566200
2024-11-21,3370.4,3378.52,3348.85,3362.94,530300
2024-11-22,3267.19,3372.0,3267.19,3368.04,630700
2024-11-25,3263.76,3285.46,3232.92,3274.88,538900
2024-11-26,3259.76,3285.33,3252.87,3256.86,472200
2024-11-27,3309.78,3309.88,3227.35,3250.59,511200
2024-11-28,3295.7,3319.26,3290.36,3308.28,512000
2024-11-29,3326.46,3357.5,3293.69,3295.21,580200
2024-12-02,3363.98,3369.3,3323.01,3328.48,668500
2024-12-03,3378.81,3386.62,3348.37,3366.28,663000
2024-12-04,3364.65,3388.02,3352.94,3376.57,621000
2024-12-05,3368.85,3377.05,3353.06,3353.06,543900
2024-12-06,3404.08,3418.26,3364.21,3370.94,698200
2024-12-09,3402.53,3426.65,3385.96,3402.63,694900
2024-12-10,3422.66,3494.87,3417.76,3490.29,794700
2024-12-11,3432.49,3437.81,3416.09,3416.09,681500
2024-12-12,3461.5,3464.12,3425.98,3432.28,700100
2024-12-13,3391.88,3442.93,3390.75,3442.93,777500
2024-12-16,3386.33,3401.93,3376.54,3390.08,625600
2024-12-17,3361.49,3396.21,3357.77,3381.81,568900
2024-12-18,3382.21,3396.46,3371.3,3371.3,512500
2024-12-19,3370.03,3377.53,3346.47,3355.9,513900
2024-12-20,3368.07,3390.62,3362.82,3364.48,491000
2024-12-23,3351.26,3384.99,3348.28,3367.9,556700
2024-12-24,3393.53,3394.9,3352.95,3353.53,472000
2024-12-25,3393.35,3406.21,3374.01,3395.11,471300
2024-12-26,3398.08,3401.09,3380.25,3389.34,422200
2024-12-27,3400.14,3418.95,3388.32,3397.29,500500
2024-12-30,3407.33,3412.84,3394.97,3395.4,455300
2024-12-31,3351.76,3413.46,3351.76,3406.97,502700
2025-01-02,3262.56,3351.72,3242.09,3347.94,561400
2025-01-03,3211.43,3273.57,3205.78,3267.08,517600
2025-01-06,3206.92,3219.49,3185.46,3209.78,431000
2025-01-07,3229.64,3230.85,3190.46,3203.31,409700
2025-01-08,3230.17,3246.29,3175.73,3218.86,472900
2025-01-09,3211.39,3228.97,3205.91,3220.72,382900
2025-01-10,3168.52,3220.11,3168.52,3211.71,403700
2025-01-13,3160.75,3172.7,3140.98,3148.83,372700
2025-01-14,3240.94,3245.22,3159.43,3165.16,469200
2025-01-15,3227.12,3245.9,3222.24,3234.72,404700
2025-01-16,3236.03,3265.28,3217.1,3239.03,430700
2025-01-17,3241.82,3256.51,3219.77,3226.76,383600
2025-01-20,3244.38,3268.26,3238.12,3256.15,403300
2025-01-21,3242.62,3258.61,3229.07,3256.83,384600
2025-01-22,3213.62,3235.5,3203.38,3235.49,364800
2025-01-23,3230.16,3273.52,3229.57,3237.6,458200
2025-01-24,3252.63,3260.01,3221.71,3222.88,398700
2025-01-27,3250.6,3274.39,3250.6,3256.61,387500
2025-02-05,3229.49,3271.02,3220.28,3270.16,406400
2025-02-06,3270.66,3271.43,3225.85,3226.57,460800
2025-02-07,3303.67,3324.43,3262.51,3269.23,600600
2025-02-10,3322.17,3325.36,3299.24,3308.04,546600
2025-02-11,3318.06,3324.17,3304.44,3323.67,511900
2025-02-12,3346.39,3346.39,3310.39,3312.26,513400
2025-02-13,3332.48,3359.18,3332.48,3343.24,568600
2025-02-14,3346.72,3349.08,3322.53,3328.48,532300
2025-02-17,3355.83,3357.12,3333.2,3355.42,589500
2025-02-18,3324.49,3366.01,3314.3,3348.98,562700
2025-02-19,3351.54,3352.09,3320.58,3320.78,502900
2025-02-20,3350.78,3355.56,3338.03,3347.59,504400
2025-02-21,3379.11,3381.06,3339.03,3356.7,608200
2025-02-24,3373.03,3384.81,3355.87,3374.08,598200
2025-02-25,3346.04,3369.56,3337.84,3345.65,527600
2025-02-26,3380.21,3380.21,3351.21,3351.21,554000
2025-02-27,3388.06,3388.78,3353.57,3378.45,575800
2025-02-28,3320.9,3383.19,3318.72,3374.66,568300
2025-03-03,3316.93,3349.02,3304.59,3328.4,502400
2025-03-04,3324.21,3327.82,3297.53,3300.5,430000
2025-03-05,3341.97,3342.71,3314.15,3324.7,461000
2025-03-06,3381.1,3387.05,3348.68,3353.57,540000
2025-03-07,3372.55,3390.94,3363.93,3373.18,517700
2025-03-10,3366.16,3375.8,3347.19,3373.26,450400
2025-03-11,3379.83,3379.83,3334.83,3335.44,448500
2025-03-12,3371.92,3392.41,3370.22,3385.69,502200
2025-03-13,3358.73,3377.12,3341.12,3371.09,519000
2025-03-14,3419.56,3421.23,3360.61,3361.69,582700
2025-03-17,3426.13,3436.35,3422.46,3430.81,515700
2025-03-18,3429.76,3437.06,3423.3,3434.56,454900
2025-03-19,3426.43,3439.05,3414.59,3424.17,440300
2025-03-20,3408.95,3427.04,3404.66,3425.22,451600
2025-03-21,3364.83,3414.71,3355.84,3401.76,520900
2025-03-24,3370.03,3373.69,3340.24,3364.83,513300
2025-03-25,3369.98,3379.99,3361.05,3370.0,456400
2025-03-26,3368.7,3382.34,3365.67,3365.67,428500
2025-03-27,3373.75,3394.03,3351.17,3362.71,414800
2025-03-28,3351.31,3375.05,3346.08,3372.04,412300
2025-03-31,3335.75,3361.74,3317.74,3343.34,472600
2025-04-01,3348.44,3357.62,3338.78,3340.71,422600
2025-04-02,3350.13,3361.13,3343.12,3344.17,350100
2025-04-03,3342.01,3358.43,3319.61,3319.61,400500
2025-04-07,3096.58,3217.78,3040.69,3193.1,662200
2025-04-08,3145.55,3145.55,3085.12,3094.26,662200
2025-04-09,3186.81,3186.81,3070.08,3110.01,684800
2025-04-10,3223.64,3239.94,3201.57,3227.84,591200
2025-04-11,3238.23,3249.85,3211.35,3219.5,475500
2025-04-14,3262.81,3272.72,3244.73,3251.98,471400
2025-04-15,3267.66,3268.99,3246.34,3260.69,396700
2025-04-16,3276.0,3276.0,3233.79,3267.67,429500
2025-04-17,3280.34,3285.92,3258.15,3261.72,382000
2025-04-18,3276.73,3283.09,3262.39,3270.35,358800
2025-04-21,3291.43,3298.64,3270.01,3273.14,379300
2025-04-22,3299.76,3311.15,3288.33,3289.17,403200
2025-04-23,3296.35,3312.19,3293.06,3308.15,411600
2025-04-24,3297.29,3313.51,3286.24,3295.15,392800
2025-04-25,3295.06,3305.26,3288.75,3300.39,411000
2025-04-28,3288.42,3296.93,3279.88,3292.06,410700
2025-04-29,3286.66,3294.98,3277.63,3281.45,389000
2025-04-30,3279.03,3292.2,3277.55,3284.08,435800
2025-05-06,3316.11,3316.45,3286.99,3295.25,474400
2025-05-07,3342.67,3356.69,3324.81,3354.97,511200
2025-05-08,3352.0,3359.73,3327.9,3331.21,428400
2025-05-09,3342.0,3351.22,3335.13,3350.41,398900
2025-05-12,3369.25,3372.47,3344.27,3352.97,418200
2025-05-13,3374.87,3386.23,3370.25,3386.23,426200
2025-05-14,3403.95,3417.31,3368.08,3374.24,464900
2025-05-15,3380.82,3402.87,3378.02,3398.43,424100
2025-05-16,3367.46,3380.29,3356.66,3374.71,395400
2025-05-19,3367.58,3373.6,3356.65,3365.88,403100
2025-05-20,3380.48,3387.8,3369.96,3371.69,405500
2025-05-21,3387.57,3394.75,3380.21,3380.21,412500
2025-05-22,3380.19,3390.59,3376.23,3381.86,394200
2025-05-23,3348.37,3389.47,3348.37,3376.87,400200
2025-05-26,3346.84,3362.31,3336.35,3346.56,347600
2025-05-27,3340.69,3351.57,3332.49,3346.5,344100
2025-05-28,3339.93,3348.23,3336.73,3341.85,341600
2025-05-29,3363.45,3368.63,3337.42,3340.4,393200
2025-05-30,3347.49,3361.27,3341.65,3358.81,385600
2025-06-03,3361.98,3367.0,3340.07,3340.07,398100
2025-06-04,3376.2,3379.64,3363.39,3363.39,386500
2025-06-05,3384.1,3387.76,3371.15,3378.22,406300
2025-06-06,3385.36,3391.45,3379.76,3384.29,380100
2025-06-09,3399.77,3402.05,3383.07,3388.78,427300
2025-06-10,3384.82,3406.45,3365.67,3402.01,481600
2025-06-11,3402.32,3413.51,3385.46,3385.46,424100
2025-06-12,3402.66,3408.21,3388.87,3397.97,409500
2025-06-13,3377.0,3401.55,3370.59,3397.48,510100
2025-06-16,3388.73,3389.76,3368.88,3369.37,405400
2025-06-17,3387.41,3393.31,3376.42,3388.18,390000
2025-06-18,3388.81,3391.71,3369.99,3386.14,378700
2025-06-19,3362.11,3386.92,3353.94,3384.29,415300
2025-06-20,3359.9,3370.8,3357.71,3358.91,350200
2025-06-23,3381.58,3389.45,3347.65,3349.46,384600
2025-06-24,3420.57,3423.78,3380.08,3380.08,461000
2025-06-25,3455.97,3459.01,3417.41,3419.09,509400
2025-06-26,3448.45,3462.75,3446.19,3451.72,496500
2025-06-27,3424.23,3462.63,3421.04,3450.69,523100
2025-06-30,3444.43,3447.46,3420.11,3423.47,457300
2025-07-01,3457.75,3459.59,3441.04,3445.85,444400
2025-07-02,3454.79,3461.33,3447.96,3458.17,498100
2025-07-03,3461.15,3463.62,3446.97,3456.15,438500
2025-07-04,3472.32,3497.23,3455.49,3459.59,500200
2025-07-07,3473.13,3474.8,3462.79,3467.99,436600
2025-07-08,3497.48,3499.89,3474.63,3474.63,493500
2025-07-09,3493.05,3512.67,3491.2,3498.72,523900
2025-07-10,3509.68,3526.59,3491.5,3491.5,564200
2025-07-11,3510.18,3555.22,3506.8,3511.36,664200
2025-07-14,3519.65,3532.12,3513.25,3513.25,572100
2025-07-15,3505.0,3527.04,3483.38,3519.8,572100
2025-07-16,3503.78,3511.81,3489.14,3502.9,470900
2025-07-17,3516.82,3517.28,3499.19,3500.37,472200
2025-07-18,3534.48,3536.01,3518.23,3519.48,493500
2025-07-21,3559.79,3560.63,3542.57,3542.82,633600
2025-07-22,3581.86,3584.72,3547.25,3561.63,716200
2025-07-23,3582.3,3613.02,3577.59,3588.88,767700
2025-07-24,3605.73,3608.73,3577.11,3578.91,773300
2025-07-25,3593.66,3610.03,3586.22,3604.45,697200
2025-07-28,3597.94,3606.27,3582.15,3594.23,594200
2025-07-29,3609.71,3611.35,3585.94,3595.81,610600
2025-07-30,3615.72,3636.17,3593.73,3608.35,637200
2025-07-31,3573.21,3606.38,3562.61,3604.7,654500
2025-08-01,3559.95,3581.75,3550.04,3568.26,509600
2025-08-04,3583.31,3583.31,3547.16,3547.16,458600
2025-08-05,3617.6,3617.6,3586.97,3588.81,499800
2025-08-06,3634.0,3634.31,3613.99,3615.81,512500
2025-08-07,3639.67,3645.12,3622.52,3637.78,535500
2025-08-08,3635.13,3645.37,3625.45,3634.85,526400
2025-08-11,3647.55,3656.85,3629.63,3637.05,551400
2025-08-12,3665.92,3669.04,3647.96,3647.96,536600
2025-08-13,3683.47,3688.63,3666.55,3668.66,613500
2025-08-14,3666.44,3704.77,3662.57,3685.52,647800
2025-08-15,3696.77,3702.25,3658.38,3659.81,678500
2025-08-18,3728.03,3745.94,3702.38,3712.5,776000
2025-08-19,3727.29,3746.67,3718.15,3728.49,696100
2025-08-20,3766.21,3767.43,3704.99,3716.69,679800
2025-08-21,3771.1,3787.98,3757.99,3770.68,691600
2025-08-22,3825.76,3825.76,3772.28,3772.28,698100
2025-08-25,3883.56,3883.56,3839.97,3848.16,885500
2025-08-26,3868.38,3888.6,3859.76,3871.47,734600
2025-08-27,3800.35,3887.2,3800.35,3869.61,858600
2025-08-28,3843.6,3845.09,3761.42,3796.71,788400
2025-08-29,3857.93,3867.61,3839.21,3842.82,739500
2025-09-01,3875.53,3879.04,3853.66,3869.75,747700
2025-09-02,3858.13,3885.31,3828.68,3877.09,762600
2025-09-03,3813.56,3868.39,3794.88,3865.29,645700
2025-09-04,3765.88,3808.4,3732.84,3807.76,710200
2025-09-05,3812.51,3817.16,3745.31,3761.88,626200
2025-09-08,3826.84,3833.14,3803.6,3811.67,660100
2025-09-09,3807.29,3834.67,3791.72,3816.66,600200
2025-09-10,3812.22,3827.0,3794.06,3806.58,534500
2025-09-11,3875.31,3875.31,3796.44,3806.06,617000
2025-09-12,3870.6,3892.74,3866.54,3875.51,700600
2025-09-15,3860.5,3879.74,3855.97,3876.1,644800
2025-09-16,3861.86,3876.69,3838.65,3865.98,673400
2025-09-17,3876.34,3882.67,3848.95,3854.07,663400
2025-09-18,3831.66,3899.96,3801.0,3876.06,876000
2025-09-19,3820.09,3843.17,3811.9,3830.44,682300
2025-09-22,3828.58,3831.74,3806.2,3822.01,568300
2025-09-23,3821.83,3838.61,3774.53,3830.14,701900
2025-09-24,3853.64,3854.92,3804.33,3804.48,602100
2025-09-25,3853.3,3866.11,3840.46,3852.43,590000
2025-09-26,3828.11,3856.61,3828.11,3839.85,551300
2025-09-29,3862.53,3881.0,3809.53,3828.17,608500
2025-09-30,3882.78,3887.57,3866.28,3869.71,569700
2025-10-09,3933.97,3936.58,3885.74,3898.31,725200
2025-10-10,3897.03,3933.0,3886.3,3915.48,718900
2025-10-13,3889.5,3895.83,3800.1,3800.1,709500
2025-10-14,3865.23,3918.44,3851.12,3910.78,800800
2025-10-15,3912.21,3912.29,3857.67,3867.54,645000
2025-10-16,3916.23,3931.05,3899.17,3900.68,595500
2025-10-17,3839.75,3921.06,3835.36,3912.04,617600
2025-10-20,3863.89,3877.72,3850.37,3865.55,549300
2025-10-21,3916.33,3919.32,3868.15,3870.75,599400
2025-10-22,3913.76,3918.59,3893.32,3896.07,543100
2025-10-23,3922.41,3926.22,3877.53,3904.16,565200
2025-10-24,3950.31,3950.31,3928.96,3929.11,567900
2025-10-27,3996.95,3999.07,3963.1,3969.22,637600
2025-10-28,3988.22,4010.73,3976.83,3986.89,577400
2025-10-29,4016.33,4016.33,3986.94,3990.26,612900
2025-10-30,3986.9,4025.71,3984.83,4007.82,668500
2025-10-31,3954.79,3986.74,3951.73,3985.06,675600
2025-11-03,3976.52,3977.3,3937.02,3954.08,641200
2025-11-04,3960.19,3985.88,3938.52,3973.46,615500
2025-11-05,3969.25,3979.75,3922.58,3922.58,615000
2025-11-06,4007.76,4008.8,3973.35,3973.35,627400
2025-11-07,3997.56,4012.0,3993.69,3994.32,596500
2025-11-10,4018.6,4018.7,3990.84,4001.79,634000
2025-11-11,4002.76,4024.94,3991.52,4023.88,582000
2025-11-12,4000.14,4020.38,3980.68,3996.56,586200
2025-11-13,4029.5,4030.4,3994.77,3996.51,613000
2025-11-14,3990.49,4034.08,3990.31,4007.13,622000
2025-11-17,3972.03,3992.4,3958.95,3988.56,592000
2025-11-18,3939.81,3966.89,3926.59,3962.44,594400
2025-11-19,3946.74,3960.05,3930.07,3937.92,531100
2025-11-20,3931.05,3967.97,3927.51,3960.7,534700
2025-11-21,3834.89,3912.01,3834.75,3896.67,631600
2025-11-24,3836.76,3854.33,3816.58,3848.66,504600
2025-11-25,3870.02,3882.03,3845.14,3850.57,478700
2025-11-26,3864.18,3879.92,3861.18,3867.43,457600
2025-11-27,3875.26,3895.59,3864.13,3867.2,444000
2025-11-28,3888.6,3888.89,3856.25,3870.94,449900
2025-12-01,3914.01,3914.46,3890.95,3894.21,537600
2025-12-02,3897.71,3908.77,3888.33,3908.46,455600
2025-12-03,3878.0,3901.7,3869.95,3894.16,485600
2025-12-04,3875.79,3888.86,3859.05,3879.74,445000
2025-12-05,3902.81,3907.78,3863.31,3873.12,500400
2025-12-08,3924.08,3936.31,3904.74,3909.23,547300
2025-12-09,3909.52,3923.9,3902.13,3916.51,524500
2025-12-10,3900.5,3906.12,3876.48,3901.13,497300
2025-12-11,3873.32,3904.96,3862.82,3903.9,525700
2025-12-12,3889.35,3891.81,3850.6,3869.41,573900
2025-12-15,3867.92,3896.98,3863.63,3865.4,500900
2025-12-16,3824.81,3862.43,3815.84,3861.51,512500
2025-12-17,3870.28,3881.75,3818.0,3822.51,512300
2025-12-18,3876.37,3888.28,3856.42,3857.26,461200
2025-12-19,3890.45,3902.67,3871.78,3878.23,513500
2025-12-22,3917.36,3920.01,3900.51,3900.53,522900
2025-12-23,3919.98,3937.13,3910.75,3919.11,521200
2025-12-24,3940.95,3947.04,3912.31,3920.35,474900
2025-12-25,3959.62,3964.07,3936.08,3937.72,469300
2025-12-26,3963.68,3977.71,3945.52,3957.83,555500
2025-12-29,3965.28,3983.98,3956.95,3964.65,563700
2025-12-30,3965.12,3979.99,3947.42,3947.87,525900
2025-12-31,3968.84,3977.54,3955.49,3968.73,490800
2026-01-05,4023.42,4025.26,3983.58,3986.97,597000
2026-01-06,4083.67,4083.67,4025.09,4026.02,702500
2026-01-07,4085.77,4098.78,4069.44,4083.84,683400
